userid,artistid,artist_name,plays
00000c289a1829a808ac09c00daf10bc3c4e223b,3bd73256-3905-4f3a-97e2-8b341527f805,betty blowtorch,2137
00000c289a1829a808ac09c00daf10bc3c4e223b,f2fb0ff0-5679-42ec-a55c-15109ce6e320,die Ärzte,1099
00000c289a1829a808ac09c00daf10bc3c4e223b,b3ae82c2-e60b-4551-a76d-6620f1b456aa,melissa etheridge,897
00000c289a1829a808ac09c00daf10bc3c4e223b,3d6bbeb7-f90e-4d10-b440-e153c0d10b53,elvenking,717
00000c289a1829a808ac09c00daf10bc3c4e223b,bbd2ffd7-17f4-4506-8572-c1ea58c3f9a8,juliette & the licks,706
00000c289a1829a808ac09c00daf10bc3c4e223b,8bfac288-ccc5-448d-9573-c33ea2aa5c30,red hot chili peppers,691
00000c289a1829a808ac09c00daf10bc3c4e223b,6531c8b1-76ea-4141-b270-eb1ac5b41375,magica,545
00000c289a1829a808ac09c00daf10bc3c4e223b,21f3573f-10cf-44b3-aeaa-26cccd8448b5,the black dahlia murder,507
00000c289a1829a808ac09c00daf10bc3c4e223b,c5db90c4-580d-4f33-b364-fbaa5a3a58b5,the murmurs,424
00000c289a1829a808ac09c00daf10bc3c4e223b,0639533a-0402-40ba-b6e0-18b067198b73,lunachicks,403
00000c289a1829a808ac09c00daf10bc3c4e223b,a342964d-ca53-4e54-96dc-e8501851e77f,walls of jericho,393
00000c289a1829a808ac09c00daf10bc3c4e223b,f779ed95-66c8-4493-9f46-3967eba785a8,letzte instanz,387
00000c289a1829a808ac09c00daf10bc3c4e223b,7b885d42-3c41-4f43-9944-a5855ec5155e,goldfrapp,361
00000c289a1829a808ac09c00daf10bc3c4e223b,e000d76b-afff-4286-a5fd-7ea6405cb80f,horrorpops,358
00000c289a1829a808ac09c00daf10bc3c4e223b,adf334c2-9186-48cd-afcc-c748dd47e9b4,the butchies,329
00000c289a1829a808ac09c00daf10bc3c4e223b,7e870dd5-2667-454b-9fcf-a132dd8071f1,jack off jill,316
00000c289a1829a808ac09c00daf10bc3c4e223b,41593aa1-dda6-4a5a-af87-0eebf93e3775,babes in toyland,310
00000c289a1829a808ac09c00daf10bc3c4e223b,e8374874-4178-4869-b92e-fef6bf30dc04,dropkick murphys,302
00000c289a1829a808ac09c00daf10bc3c4e223b,295a3ae3-9e81-4cff-a36f-8d48b8fb4dcf,all:my:faults,288
00000c289a1829a808ac09c00daf10bc3c4e223b,2d67239c-aa40-4ad5-a807-9052b66857a6,le tigre,281
00000c289a1829a808ac09c00daf10bc3c4e223b,ff7f80cd-05c2-4068-a00e-fbfbd453d049,schandmaul,244
00000c289a1829a808ac09c00daf10bc3c4e223b,83998f9c-846b-4294-aede-d7735531c901,edguy,232
00000c289a1829a808ac09c00daf10bc3c4e223b,fb01635c-51fc-4cad-b71f-62e18bb3433b,maximum the hormone,231
00000c289a1829a808ac09c00daf10bc3c4e223b,3f20aae7-694e-4a37-9b82-02029cf8cd4c,all ends,229
00000c289a1829a808ac09c00daf10bc3c4e223b,ff6e677f-91dd-4986-a174-8db0474b1799,jack johnson,227
00000c289a1829a808ac09c00daf10bc3c4e223b,8000598a-5edb-401c-8e6d-36b167feaf38,eluveitie,222
00000c289a1829a808ac09c00daf10bc3c4e223b,2ee6f445-005e-40dd-8bb8-474849216a38,rasputina,220
00000c289a1829a808ac09c00daf10bc3c4e223b,8688124b-dcff-4a39-9f30-4825d445014f,london after midnight,210
00000c289a1829a808ac09c00daf10bc3c4e223b,95e1ead9-4d31-4808-a7ac-32c3614c116b,the killers,208
00000c289a1829a808ac09c00daf10bc3c4e223b,6c99c2c9-6d19-4d61-8c22-e583b911f0a3,mutyumu,205
00000c289a1829a808ac09c00daf10bc3c4e223b,6b335658-22c8-485d-93de-0bc29a1d0349,judas priest,198
00000c289a1829a808ac09c00daf10bc3c4e223b,c995a379-60b9-404b-bd97-a7e2de0751d3,rob zombie,198
00000c289a1829a808ac09c00daf10bc3c4e223b,e0ab57c6-7ba1-4dca-b36e-fae4c0c269e1,the bosshoss,189
00000c289a1829a808ac09c00daf10bc3c4e223b,c7423e0c-ab3e-4ab4-be10-cdff5a9d3062,blue Öyster cult,185
00000c289a1829a808ac09c00daf10bc3c4e223b,0fb62639-4143-443b-8779-6867a1d08230,sandra nasic,183
00000c289a1829a808ac09c00daf10bc3c4e223b,144ef525-85e9-40c3-8335-02c32d0861f3,john mayer,182
00000c289a1829a808ac09c00daf10bc3c4e223b,e36e78eb-3ace-4acd-882c-16789e700ab7,sleater-kinney,175
00000c289a1829a808ac09c00daf10bc3c4e223b,9fdaa16b-a6c4-4831-b87c-bc9ca8ce7eaa,the who,168
00000c289a1829a808ac09c00daf10bc3c4e223b,4ebed31c-4984-432c-8d78-0f08a4b169a2,disciple,154
00000c289a1829a808ac09c00daf10bc3c4e223b,e54da459-21ee-4f0c-82c3-a7379d6937e7,tanzwut,153
00000c289a1829a808ac09c00daf10bc3c4e223b,66da25f9-1534-4dd1-b88c-718bc24e1ccd,guano apes,151
00000c289a1829a808ac09c00daf10bc3c4e223b,b071f9fa-14b0-4217-8e97-eb41da73f598,the rolling stones,150
00000c289a1829a808ac09c00daf10bc3c4e223b,76e78b58-f301-4975-8058-7f84d8360738,little big town,145
00000c289a1829a808ac09c00daf10bc3c4e223b,b506d0b1-fd16-4ba0-a3dc-a20095c93024,team dresch,137
00000c289a1829a808ac09c00daf10bc3c4e223b,cb5473ba-8e02-4a76-a08e-d0887f6ecea2,betty,135
00000c289a1829a808ac09c00daf10bc3c4e223b,57111f1f-9829-45ea-bb4e-a5aba37cd1d1,l7,135
00000c289a1829a808ac09c00daf10bc3c4e223b,e9a639e2-3840-410a-bd6d-4e7bdb66734d,bif naked,134
00000c289a1829a808ac09c00daf10bc3c4e223b,ebe18ea1-9fcf-426e-9c54-10eecc207a66,girlschool,134
00000c289a1829a808ac09c00daf10bc3c4e223b,d9c90718-d54d-4ccf-a92e-37a5415ce299,the wallflowers,131
00001411dc427966b17297bf4d69e7e193135d89,e7c2d42e-b045-41b6-a391-88f4ea545185,the most serene republic,12763
00001411dc427966b17297bf4d69e7e193135d89,5aeb21a3-4606-4a0d-8369-50c768d1e99a,stars,8192
00001411dc427966b17297bf4d69e7e193135d89,2eada8f8-056a-4093-bbc2-004909ce743b,broken social scene,6413
00001411dc427966b17297bf4d69e7e193135d89,e519e012-e1a3-4592-b3f6-5a16227ab654,have heart,5361
00001411dc427966b17297bf4d69e7e193135d89,3c82a8e6-d738-41a6-bcfe-474204011472,luminous orange,5120
00001411dc427966b17297bf4d69e7e193135d89,57652bf8-cfe8-42e7-b9a7-5572a7080d8d,boris,5110
00001411dc427966b17297bf4d69e7e193135d89,ada7a83c-e3e1-40f1-93f9-3e73dbc9298a,arctic monkeys,4811
00001411dc427966b17297bf4d69e7e193135d89,78f797e3-4913-4026-aad0-1cd858bd735b,bright eyes,4283
00001411dc427966b17297bf4d69e7e193135d89,e031ae5d-db68-4e06-980b-f828fe5b40dd,coaltar of the deepers,4143
00001411dc427966b17297bf4d69e7e193135d89,c4975d06-72e9-4be4-bfd9-d7e9ae46ffe8,polar bear club,4091
00001411dc427966b17297bf4d69e7e193135d89,82b304c0-7da4-45d3-896a-0767c7ae1141,the libertines,3916
00001411dc427966b17297bf4d69e7e193135d89,92dc699f-fcbc-4278-afbe-40b5ad060a55,death from above 1979,3315
00001411dc427966b17297bf4d69e7e193135d89,ad279295-653f-42e1-9aaa-b731df2e78ba,owl city,3147
00001411dc427966b17297bf4d69e7e193135d89,cc197bad-dc9c-440d-a5b5-d52ba2e14234,coldplay,2658
00001411dc427966b17297bf4d69e7e193135d89,9fa07bb4-8312-4cd7-a19a-4fdbc5797148,okkervil river,2641
00001411dc427966b17297bf4d69e7e193135d89,451f9db1-f75f-44f9-b218-f8bdf22035a1,jim sturgess,2427
00001411dc427966b17297bf4d69e7e193135d89,11eabe0c-2638-4808-92f9-1dbd9c453429,deerhoof,2369
00001411dc427966b17297bf4d69e7e193135d89,1d5aa664-2a04-4e5f-8751-0e919e8d68f0,fear before the march of flames,2362
00001411dc427966b17297bf4d69e7e193135d89,0509d076-7e31-4f53-bad3-80ee246e23b7,breathe carolina,2259
00001411dc427966b17297bf4d69e7e193135d89,74134743-106c-47a6-bb8d-5c9efde7818c,mstrkrft,2102
00001411dc427966b17297bf4d69e7e193135d89,52074ba6-e495-4ef3-9bb4-0703888a9f68,arcade fire,1899
00001411dc427966b17297bf4d69e7e193135d89,f181961b-20f7-459e-89de-920ef03c7ed0,the strokes,1854
00001411dc427966b17297bf4d69e7e193135d89,00b952be-6c97-4880-84f9-06de584b491b,cancer bats,1703
00001411dc427966b17297bf4d69e7e193135d89,3ba1d6b6-da11-40cc-940b-60268aaf58d2,the honorary title,1682
00001411dc427966b17297bf4d69e7e193135d89,f2de9120-703f-4c72-8f69-ef56477e1c54,michio kurihara,1530
00001411dc427966b17297bf4d69e7e193135d89,c485632c-b784-4ee9-8ea1-c5fb365681fc,mgmt,1468
00001411dc427966b17297bf4d69e7e193135d89,0383dadf-2a4e-4d10-a46a-e9e041da8eb3,queen,1404
00001411dc427966b17297bf4d69e7e193135d89,432c7522-87c8-46e0-8c9e-6df1c6c09a24,the secret handshake,1384
00001411dc427966b17297bf4d69e7e193135d89,0c751690-c784-4a4f-b1e4-c1de27d47581,animal collective,1373
00001411dc427966b17297bf4d69e7e193135d89,9481db30-6467-460c-8fc4-1b6428e9265a,heavy heavy low low,1323
00001411dc427966b17297bf4d69e7e193135d89,0e0dd9da-5878-4c46-9a9a-6df43abb5c96,hot hot heat,1312
00001411dc427966b17297bf4d69e7e193135d89,8c9200b8-8e05-41d5-836e-44a37905560e,hadouken!,1254
00001411dc427966b17297bf4d69e7e193135d89,e105c272-b5d7-4135-82ef-d60bded54345,the wombats,1244
00001411dc427966b17297bf4d69e7e193135d89,98777614-2abd-4518-8631-a2bdac185442,ai aso,1232
00001411dc427966b17297bf4d69e7e193135d89,fee70326-712c-4a99-9f01-fe06a505c053,boris with michio kurihara,1034
00001411dc427966b17297bf4d69e7e193135d89,818be9a0-e5a7-4ff5-a190-98d2411d0cbf,uffie,977
00001411dc427966b17297bf4d69e7e193135d89,8a3e1c4f-59a8-457a-826c-fe961419a8ae,the last shadow puppets,961
00001411dc427966b17297bf4d69e7e193135d89,d2f4a968-1f6e-4a4a-9376-ee2b2a50c87a,boys noize,748
00001411dc427966b17297bf4d69e7e193135d89,3ac482b8-1494-4071-a0e9-f192f9d2c2b0,built to spill,731
00001411dc427966b17297bf4d69e7e193135d89,1595addf-f76b-450a-a097-af852ff35f27,nujabes,707
00001411dc427966b17297bf4d69e7e193135d89,9fdd9163-9824-413e-91ad-d01e561b4078,the rocket summer,691
00001411dc427966b17297bf4d69e7e193135d89,c8a9ae11-63bf-409b-8bf3-a96b3712a2ff,little dragon,672
00001411dc427966b17297bf4d69e7e193135d89,2f8e3e49-5894-4713-a776-f1f2c3629816,boris with merzbow,636
00001411dc427966b17297bf4d69e7e193135d89,ffb18e19-64a4-4a65-b4ce-979e00c3c69d,the album leaf,622
00001411dc427966b17297bf4d69e7e193135d89,6f2f87e7-3ce9-4f1c-81dd-6f068a78cf26,the microphones,606
00001411dc427966b17297bf4d69e7e193135d89,69ec6867-bda0-404b-bac4-338df8d73723,simian mobile disco,603
00001411dc427966b17297bf4d69e7e193135d89,5f6be871-eb98-42f1-bce4-5a3d8212c281,m.i.a.,589
00001411dc427966b17297bf4d69e7e193135d89,0039c7ae-e1a7-4a7d-9b49-0cbc716821a6,death cab for cutie,587
00001411dc427966b17297bf4d69e7e193135d89,4ac4e32b-bd18-402e-adad-ae00e72f8d85,patrick wolf,564
00001411dc427966b17297bf4d69e7e193135d89,2c916f95-f6ba-46fa-b9d8-dc0d9379f603,the fiery furnaces,543
00001411dc427966b17297bf4d69e7e193135d89,7b52603c-a84c-4a76-8dc8-899bb4dd9fa7,digitalism,505
00004d2ac9316e22dc007ab2243d6fcb239e707d,944655bc-16b1-48d2-b4ff-f73654612fcf,current 93,853
00004d2ac9316e22dc007ab2243d6fcb239e707d,c16fbb7e-57b1-462c-97c5-bd0e11248765,coil,567
00004d2ac9316e22dc007ab2243d6fcb239e707d,59f8af87-4640-46d6-acdd-704fcebc0d40,andrew liles,248
00004d2ac9316e22dc007ab2243d6fcb239e707d,a270b68f-6bb5-41ba-ae7f-7b501e4797a5,six organs of admittance,242
00004d2ac9316e22dc007ab2243d6fcb239e707d,9a22fc7b-ad7f-4c70-9e0f-4d40cd7562cd,16 horsepower,225
00004d2ac9316e22dc007ab2243d6fcb239e707d,310e4c19-d810-42f1-947f-76889e8bfcf2,angels of light,224
00004d2ac9316e22dc007ab2243d6fcb239e707d,38f0dd4f-bcbb-4e7a-afae-a41a2bbf9d74,the legendary pink dots,204
00004d2ac9316e22dc007ab2243d6fcb239e707d,e754303f-655e-41f4-9dbe-b11b5614bd3d,charalambides,193
00004d2ac9316e22dc007ab2243d6fcb239e707d,90fc1dbf-7590-4aba-94b6-99a7ea4c17cf,festival,167
00004d2ac9316e22dc007ab2243d6fcb239e707d,29f997d3-c5dc-4730-a64d-87240ca12f2c,fern knight,137
00004d2ac9316e22dc007ab2243d6fcb239e707d,172e1f1a-504d-4488-b053-6344ba63e6d0,nick cave & the bad seeds,135
00004d2ac9316e22dc007ab2243d6fcb239e707d,04da97fa-771b-4010-bad9-6f5cd9ee9ec0,fovea hex,121
00004d2ac9316e22dc007ab2243d6fcb239e707d,d3b12fb1-0a1d-4e4d-b84b-76765ee3dc28,amanda rogers,119
00004d2ac9316e22dc007ab2243d6fcb239e707d,41eecc74-40a4-4b9e-93ab-0a1bedd22810,lux interna,114
00004d2ac9316e22dc007ab2243d6fcb239e707d,99de0440-9936-46a6-9324-ede040f1e09e,nalle,110
00004d2ac9316e22dc007ab2243d6fcb239e707d,90cc2464-234e-4da0-b39b-576f36e633bc,antony and the johnsons,107
00004d2ac9316e22dc007ab2243d6fcb239e707d,06ae569e-0b5b-4cd7-aded-98c3ad743ca3,marissa nadler,107
00004d2ac9316e22dc007ab2243d6fcb239e707d,54a55229-e611-439f-928e-d89919ff9d29,a silver mt. zion,106
00004d2ac9316e22dc007ab2243d6fcb239e707d,6e9ac29b-798c-4af7-8d9e-55cdc72a999c,einstürzende neubauten,105
00004d2ac9316e22dc007ab2243d6fcb239e707d,d67e6b0a-d2c6-4e4a-ba30-7834701535a1,marc almond,105
00004d2ac9316e22dc007ab2243d6fcb239e707d,b6fd87b6-c2ce-4241-a11f-fea34a9bd028,mariee sioux,100
00004d2ac9316e22dc007ab2243d6fcb239e707d,87c5dedd-371d-4a53-9f7f-80522fb7f3cb,björk,99
00004d2ac9316e22dc007ab2243d6fcb239e707d,c139d092-9457-40ec-8130-e11d4cbcfb56,bill fay,92
00004d2ac9316e22dc007ab2243d6fcb239e707d,ac18f936-0086-4bd1-a8ea-629e2c35a906,nurse with wound,88
00004d2ac9316e22dc007ab2243d6fcb239e707d,85235e76-ab2e-4c4b-98c3-b95ace886983,baby dee,71
00004d2ac9316e22dc007ab2243d6fcb239e707d,b5787b3c-cc35-44eb-ba7a-5746c562383c,ghq,71
00004d2ac9316e22dc007ab2243d6fcb239e707d,6dd4abcc-0321-4ac0-b3bf-0a9422c450d9,daniel higgs,67
00004d2ac9316e22dc007ab2243d6fcb239e707d,3b9a56f3-9f6c-4896-b4d1-c725a6949b29,flairck,66
00004d2ac9316e22dc007ab2243d6fcb239e707d,52adfa3f-a578-4b86-8aaa-3b35d25bf91d,jack rose,66
00004d2ac9316e22dc007ab2243d6fcb239e707d,e45cc18b-8cda-423b-8763-91e0303614e3,castanets,64
00004d2ac9316e22dc007ab2243d6fcb239e707d,8c8f9dac-47fd-4f83-a54d-87137cf2bed3,john jacob niles,57
00004d2ac9316e22dc007ab2243d6fcb239e707d,41329429-ea2b-4227-b6fb-1f7b5f588f06,the revolutionary army of the infant jesus,57
00004d2ac9316e22dc007ab2243d6fcb239e707d,ffc1df1a-8cfb-4c34-adfa-b63cb7cfd36b,carter tutti,56
00004d2ac9316e22dc007ab2243d6fcb239e707d,215b253c-fdbb-47d9-a564-ca7781e2fbdc,the one ensemble,55
00004d2ac9316e22dc007ab2243d6fcb239e707d,17c550d0-3dd0-4390-b01a-ba43a02095c2,orion rigel dommisse,54
00004d2ac9316e22dc007ab2243d6fcb239e707d,7018122c-11ee-4687-b711-48bab2e6a490,jocelyn pook,53
00004d2ac9316e22dc007ab2243d6fcb239e707d,46e8a8ee-d2cd-4165-9725-02f72d0027a9,matmos,53
00004d2ac9316e22dc007ab2243d6fcb239e707d,7d209631-ccb8-4a87-8516-64abe4c22dba,ulver,52
00004d2ac9316e22dc007ab2243d6fcb239e707d,d735497b-25f9-4503-8fb5-f50150730c18,ane brun,51
00004d2ac9316e22dc007ab2243d6fcb239e707d,c7b2bcd6-827f-4a09-a914-8a23ce137475,soisong,51
00004d2ac9316e22dc007ab2243d6fcb239e707d,b7cef615-5d43-463f-9032-5d3bc0d96b7f,a hawk and a hacksaw,45
00004d2ac9316e22dc007ab2243d6fcb239e707d,13a77373-762b-409e-8d7f-1005c5239ef7,frank london,45
00004d2ac9316e22dc007ab2243d6fcb239e707d,8d936df1-9da6-4b11-87c3-7bb8fd8a62c4,michael gira,44
00004d2ac9316e22dc007ab2243d6fcb239e707d,1b9ddfca-2a5c-438b-9457-720cc51f93a3,larkin grimm,43
00004d2ac9316e22dc007ab2243d6fcb239e707d,a923f346-af54-4404-a170-82dd64ce1fb6,pelt,41
00004d2ac9316e22dc007ab2243d6fcb239e707d,73dc215e-1fb3-4296-9f77-1bedaa7665f2,jean parlette,40
000063d3fe1cf2ba248b9e3c3f0334845a27a6bf,c14b4180-dc87-481e-b17a-64e4150f90f6,opeth,106
000063d3fe1cf2ba248b9e3c3f0334845a27a6bf,af8e4cc5-ef54-458d-a194-7b210acf638f,cannibal corpse,48
000063d3fe1cf2ba248b9e3c3f0334845a27a6bf,eaaee2c2-0851-43a2-84c8-0198135bc3a8,elis,31
000063d3fe1cf2ba248b9e3c3f0334845a27a6bf,d3ff3c70-c897-433d-899c-b838670fcb12,amoral,29
000063d3fe1cf2ba248b9e3c3f0334845a27a6bf,5b687684-ad34-4a9f-b425-0e7aa81fbd38,amon amarth,26
000063d3fe1cf2ba248b9e3c3f0334845a27a6bf,985c5cc9-2dc1-49ac-8806-5b66586a2d58,riverside,24
000063d3fe1cf2ba248b9e3c3f0334845a27a6bf,9d30e408-1559-448b-b491-2f8de1583ccf,dark tranquillity,17
000063d3fe1cf2ba248b9e3c3f0334845a27a6bf,1e1ebd69-65e9-45aa-8a8f-0930a53cc7ee,atrocity,16
000063d3fe1cf2ba248b9e3c3f0334845a27a6bf,b7226a54-4ae2-45e7-a5e4-2f2800475edb,kromlek,16
000063d3fe1cf2ba248b9e3c3f0334845a27a6bf,2449300a-6ca7-45da-8102-22789d256475,kamelot,14
000063d3fe1cf2ba248b9e3c3f0334845a27a6bf,d2c2707a-e9d5-443f-9112-23cb2f42d553,novembers doom,14
000063d3fe1cf2ba248b9e3c3f0334845a27a6bf,72ae540c-514f-4c05-b05d-e6297e0ce4da,poe,14
000063d3fe1cf2ba248b9e3c3f0334845a27a6bf,,rock universal,14
000063d3fe1cf2ba248b9e3c3f0334845a27a6bf,d1353a0c-26fb-4318-a116-defde9c7c9ad,dido,13
000063d3fe1cf2ba248b9e3c3f0334845a27a6bf,8c32bb01-58a3-453b-8050-8c0620edb0e5,stone temple pilots,12
000063d3fe1cf2ba248b9e3c3f0334845a27a6bf,020bfbb4-05c3-4c86-b372-17825c262094,audioslave,11
000063d3fe1cf2ba248b9e3c3f0334845a27a6bf,61ed9c9c-79eb-4e8f-8015-bd599ac0ab49,katatonia,11
000063d3fe1cf2ba248b9e3c3f0334845a27a6bf,166ef05e-53f7-44b8-a5d5-3944c188e12d,ark,10
000063d3fe1cf2ba248b9e3c3f0334845a27a6bf,51d51dbe-b13a-4169-a3f6-c9f6c8b9908a,circus maximus,10
000063d3fe1cf2ba248b9e3c3f0334845a27a6bf,17167af8-c1da-45cc-bba2-9d23f068b7a3,dimmu borgir,10
000063d3fe1cf2ba248b9e3c3f0334845a27a6bf,dbb3b771-ae77-4381-b61c-758b5b7898ec,death,9
000063d3fe1cf2ba248b9e3c3f0334845a27a6bf,56956605-de13-467a-9348-1a92ee2bc27b,månegarm,9
000063d3fe1cf2ba248b9e3c3f0334845a27a6bf,d7381ee3-d8ac-4622-ae9a-7e659143eacb,cynic,8
000063d3fe1cf2ba248b9e3c3f0334845a27a6bf,50eec634-7c42-41ee-9b1f-b41d9ca28b26,korpiklaani,8
000063d3fe1cf2ba248b9e3c3f0334845a27a6bf,2f04ad1f-9f97-41d0-a09c-59c40dfe9cd1,my dying bride,8
000063d3fe1cf2ba248b9e3c3f0334845a27a6bf,53f5c37f-8516-46d4-b66e-bf008cea9433,brujeria,7
000063d3fe1cf2ba248b9e3c3f0334845a27a6bf,3d46727d-9367-47b8-8b8b-f7b6767f7d57,agalloch,6
000063d3fe1cf2ba248b9e3c3f0334845a27a6bf,4bd95eea-b9f6-4d70-a36c-cfea77431553,alice in chains,6
000063d3fe1cf2ba248b9e3c3f0334845a27a6bf,24f1766e-9635-4d58-a4d4-9413f9f98a4c,johann sebastian bach,6
000063d3fe1cf2ba248b9e3c3f0334845a27a6bf,8d5291bc-e960-428a-9004-b5ab9c171dd2,kalmah,6
000063d3fe1cf2ba248b9e3c3f0334845a27a6bf,d5f106bf-f24a-43e0-a0af-73bc8cb81081,farmakon,5
000063d3fe1cf2ba248b9e3c3f0334845a27a6bf,f57e14e4-b030-467c-b202-539453f504ec,children of bodom,4
000063d3fe1cf2ba248b9e3c3f0334845a27a6bf,ef58d4c9-0d40-42ba-bfab-9186c1483edd,dragonforce,4
000063d3fe1cf2ba248b9e3c3f0334845a27a6bf,7b2f87f6-db90-464e-a27a-deb4f7219e90,dredg,4
000063d3fe1cf2ba248b9e3c3f0334845a27a6bf,8f60a47c-015b-4b70-957c-0871347d1b1d,green carnation,4
000063d3fe1cf2ba248b9e3c3f0334845a27a6bf,f7c65346-9631-4220-9188-5e90baae58d5,pain of salvation,4
000063d3fe1cf2ba248b9e3c3f0334845a27a6bf,4e0dffde-ad2d-45b7-9c75-d57ce55de061,rhapsody of fire,4
000063d3fe1cf2ba248b9e3c3f0334845a27a6bf,20883363-1ea4-4d72-ad72-c0e767038f3e,the mars volta,4
000063d3fe1cf2ba248b9e3c3f0334845a27a6bf,66fc5bf8-daa4-4241-b378-9bc9077939d2,tool,4
000063d3fe1cf2ba248b9e3c3f0334845a27a6bf,e631bb92-3e2b-43e3-a2cb-b605e2fb53bd,arch enemy,3
000063d3fe1cf2ba248b9e3c3f0334845a27a6bf,35f92c4a-69d0-4ed1-ab9e-05259db89d14,at the gates,3
000063d3fe1cf2ba248b9e3c3f0334845a27a6bf,8b8ab7a4-add8-4353-a586-e1086e521af8,compay segundo,3
000063d3fe1cf2ba248b9e3c3f0334845a27a6bf,6e64cbfa-1a60-450e-81f4-c044c868ab24,ensiferum,3
000063d3fe1cf2ba248b9e3c3f0334845a27a6bf,320112c6-9a63-4c2b-b0cc-d2b88fce290a,naglfar,3
000063d3fe1cf2ba248b9e3c3f0334845a27a6bf,7d093650-89be-4108-842b-ba7f5367504b,nevermore,3
000063d3fe1cf2ba248b9e3c3f0334845a27a6bf,02fc3032-e491-46b8-8742-9859e4906dcc,old mans child,3
000063d3fe1cf2ba248b9e3c3f0334845a27a6bf,66e6a03d-3306-4508-9eaf-40be9527b4f7,shade empire,3
000063d3fe1cf2ba248b9e3c3f0334845a27a6bf,cc0b7089-c08d-4c10-b6b0-873582c17fd6,system of a down,3
000063d3fe1cf2ba248b9e3c3f0334845a27a6bf,7e482754-d3f6-49e5-b351-235849754e26,tristania,3
00007a47085b9aab8af55f52ec8846ac479ac4fe,0110e63e-0a9b-4818-af8e-41e180c20b9a,devendra banhart,456
00007a47085b9aab8af55f52ec8846ac479ac4fe,69158f97-4c07-4c4e-baf8-4e4ab1ed666e,boards of canada,407
00007a47085b9aab8af55f52ec8846ac479ac4fe,e162b2eb-6a42-4240-8c1b-c94d9a0acb73,cocorosie,386
00007a47085b9aab8af55f52ec8846ac479ac4fe,f22942a1-6f70-4f48-866e-238cb2308fbd,aphex twin,213
00007a47085b9aab8af55f52ec8846ac479ac4fe,0c751690-c784-4a4f-b1e4-c1de27d47581,animal collective,203
00007a47085b9aab8af55f52ec8846ac479ac4fe,ef954679-5ee7-4016-acef-7ac71f2fa3d8,atmosphere,189
00007a47085b9aab8af55f52ec8846ac479ac4fe,cb69e1f1-bc76-4df5-93c9-cf97dd8a3b5c,joanna newsom,184
00007a47085b9aab8af55f52ec8846ac479ac4fe,cb67438a-7f50-4f2b-a6f1-2bb2729fd538,air,178
00007a47085b9aab8af55f52ec8846ac479ac4fe,8f6bd1e4-fbe1-4f50-aa9b-94c450ec0f11,portishead,162
00007a47085b9aab8af55f52ec8846ac479ac4fe,10adbe5e-a2c0-4bf3-8249-2b4cbf6e6ca8,massive attack,149
00007a47085b9aab8af55f52ec8846ac479ac4fe,2eada8f8-056a-4093-bbc2-004909ce743b,broken social scene,144
00007a47085b9aab8af55f52ec8846ac479ac4fe,52074ba6-e495-4ef3-9bb4-0703888a9f68,arcade fire,143
00007a47085b9aab8af55f52ec8846ac479ac4fe,7e54d133-2525-4bc0-ae94-65584145a386,plaid,133
00007a47085b9aab8af55f52ec8846ac479ac4fe,ce5ddfcd-bd2e-487a-b06a-cae007dc112e,fog,132
00007a47085b9aab8af55f52ec8846ac479ac4fe,fc61dd75-880b-44ba-9ba9-c7b643d33413,prefuse 73,121
00007a47085b9aab8af55f52ec8846ac479ac4fe,6d7b7cd4-254b-4c25-83f6-dd20f98ceacd,m83,118
00007a47085b9aab8af55f52ec8846ac479ac4fe,24786816-025f-49f4-9787-4945a3311f96,the flashbulb,118
00007a47085b9aab8af55f52ec8846ac479ac4fe,36bfa85f-737b-41db-a8fc-b8825850ffc3,pavement,117
00007a47085b9aab8af55f52ec8846ac479ac4fe,7b885d42-3c41-4f43-9944-a5855ec5155e,goldfrapp,109
00007a47085b9aab8af55f52ec8846ac479ac4fe,630662ea-1c7d-4208-99fd-ba3afec20f0c,amon tobin,106
00007a47085b9aab8af55f52ec8846ac479ac4fe,c8fc1732-d191-4a29-a33a-410f98eff13b,sage francis,106
00007a47085b9aab8af55f52ec8846ac479ac4fe,3bcff06f-675a-451f-9075-99e8657047e8,four tet,100
00007a47085b9aab8af55f52ec8846ac479ac4fe,e0b267df-9e16-4fd3-abb2-b47e61e7a2aa,brother ali,96
00007a47085b9aab8af55f52ec8846ac479ac4fe,509f20b2-5df3-4aec-9bbc-002131fb3f99,max richter,94
00007a47085b9aab8af55f52ec8846ac479ac4fe,5dc8a187-443d-4fb2-a0fc-209ef241b9ce,why?,91
00007a47085b9aab8af55f52ec8846ac479ac4fe,410c9baf-5469-44f6-9852-826524b80c61,autechre,86
00007a47085b9aab8af55f52ec8846ac479ac4fe,a74b1b7f-71a5-4011-9441-d0b5e4122711,radiohead,86
00007a47085b9aab8af55f52ec8846ac479ac4fe,7b05d6fe-91e8-4cb9-a401-2a13b1578716,susumu yokota,85
00007a47085b9aab8af55f52ec8846ac479ac4fe,7756e3dc-f44c-4678-a7bc-d1b31204a963,electrelane,84
00007a47085b9aab8af55f52ec8846ac479ac4fe,a506f761-2c22-4b2f-8a94-bd748c2c8f75,neutral milk hotel,83
00007a47085b9aab8af55f52ec8846ac479ac4fe,0a77bec1-12ef-4caa-b36a-f533001fcd29,bent,81
00007a47085b9aab8af55f52ec8846ac479ac4fe,328068c9-ee60-408e-8c24-b1dc1ae08b94,vetiver,80
00007a47085b9aab8af55f52ec8846ac479ac4fe,b3ea59b7-d50b-4f23-bda4-bf6c65010b61,k-the-i???,78
00007a47085b9aab8af55f52ec8846ac479ac4fe,6f2f87e7-3ce9-4f1c-81dd-6f068a78cf26,the microphones,77
00007a47085b9aab8af55f52ec8846ac479ac4fe,8663919f-922c-4ef0-b513-8ab2e51521a1,illogic,76
00007a47085b9aab8af55f52ec8846ac479ac4fe,2a9ea5bf-fc08-4fbc-ab73-17afa7906a52,annie,75
00007a47085b9aab8af55f52ec8846ac479ac4fe,aaae25bf-c794-45d7-bab7-cdc7c655bfa6,broadcast,75
00007a47085b9aab8af55f52ec8846ac479ac4fe,9beb62b2-88db-4cea-801e-162cd344ee53,beastie boys,74
00007a47085b9aab8af55f52ec8846ac479ac4fe,aba64937-3334-4c65-90a1-4e6b9d4d7ada,aesop rock,72
00007a47085b9aab8af55f52ec8846ac479ac4fe,188711ed-c99b-439c-844a-ca831f63a727,mf doom,71
00007a47085b9aab8af55f52ec8846ac479ac4fe,1270af14-9c17-4400-8ebb-3f0ac40dcfb0,the books,70
00007a47085b9aab8af55f52ec8846ac479ac4fe,9f9953f0-68bb-4ce3-aace-2f44c87f0aa3,bibio,69
00007a47085b9aab8af55f52ec8846ac479ac4fe,7b16e4ca-a204-4158-8293-20cb44c11d88,rachel's,69
00007a47085b9aab8af55f52ec8846ac479ac4fe,b91f0973-002e-4237-a39f-c7e02e786e53,architecture in helsinki,68
00007a47085b9aab8af55f52ec8846ac479ac4fe,037bb92d-efd5-48d9-b197-3ce699067e3c,bola,68
00007a47085b9aab8af55f52ec8846ac479ac4fe,270ab891-a8f7-4887-b5b2-7d8e95172a59,isan,68
00007a47085b9aab8af55f52ec8846ac479ac4fe,,apes & androids,67
00007a47085b9aab8af55f52ec8846ac479ac4fe,2b64e811-cbcd-45f7-b29d-296444cad4f1,múm,67
00007a47085b9aab8af55f52ec8846ac479ac4fe,03ad1736-b7c9-412a-b442-82536d63a5c4,elliott smith,66
00007a47085b9aab8af55f52ec8846ac479ac4fe,735e3514-a8ae-401f-af3b-6300df1b8d2c,caribou,65
0000c176103e538d5c9828e695fed4f7ae42dd01,a74b1b7f-71a5-4011-9441-d0b5e4122711,radiohead,2417
0000c176103e538d5c9828e695fed4f7ae42dd01,4883523d-fc0e-4d0d-802c-91379e767083,the hold steady,1955
0000c176103e538d5c9828e695fed4f7ae42dd01,d700b3f5-45af-4d02-95ed-57d301bda93e,mogwai,1480
0000c176103e538d5c9828e695fed4f7ae42dd01,69158f97-4c07-4c4e-baf8-4e4ab1ed666e,boards of canada,1115
0000c176103e538d5c9828e695fed4f7ae42dd01,444f2191-8841-440e-bbc1-6fd564893946,justice,1094
0000c176103e538d5c9828e695fed4f7ae42dd01,78f797e3-4913-4026-aad0-1cd858bd735b,bright eyes,1039
0000c176103e538d5c9828e695fed4f7ae42dd01,3bcff06f-675a-451f-9075-99e8657047e8,four tet,1022
0000c176103e538d5c9828e695fed4f7ae42dd01,630662ea-1c7d-4208-99fd-ba3afec20f0c,amon tobin,944
0000c176103e538d5c9828e695fed4f7ae42dd01,f6f2326f-6b25-4170-b89d-e235b25508e8,sigur rós,763
0000c176103e538d5c9828e695fed4f7ae42dd01,0cdb0359-5698-487d-9aae-a25fb4dcdc4d,clutch,754
0000c176103e538d5c9828e695fed4f7ae42dd01,42e49814-6058-431c-80e2-a3aab424060d,white denim,748
0000c176103e538d5c9828e695fed4f7ae42dd01,8a396a9c-2e4f-47e2-a587-c26e93a0953f,the go! team,712
0000c176103e538d5c9828e695fed4f7ae42dd01,b10bbbfc-cf9e-42e0-be17-e2c3e1d2600d,the beatles,704
0000c176103e538d5c9828e695fed4f7ae42dd01,82dc508a-dbda-4954-aedc-28895edfa42e,2 many dj's,647
0000c176103e538d5c9828e695fed4f7ae42dd01,eb872766-98f6-453d-883f-2ae908a18315,tv on the radio,597
0000c176103e538d5c9828e695fed4f7ae42dd01,66fc5bf8-daa4-4241-b378-9bc9077939d2,tool,480
0000c176103e538d5c9828e695fed4f7ae42dd01,ea0f2a37-7007-4217-a812-396227f5013a,kyuss,478
0000c176103e538d5c9828e695fed4f7ae42dd01,efa2c11a-1a35-4b60-bc1b-66d37de88511,dj shadow,410
0000c176103e538d5c9828e695fed4f7ae42dd01,cb67438a-7f50-4f2b-a6f1-2bb2729fd538,air,385
0000c176103e538d5c9828e695fed4f7ae42dd01,9689aa5a-4471-4fb4-9721-07cecda0fa9f,a tribe called quest,367
0000c176103e538d5c9828e695fed4f7ae42dd01,7c158ea8-c0aa-410e-bdc1-20bba9759577,the cinematic orchestra,366
0000c176103e538d5c9828e695fed4f7ae42dd01,309c62ba-7a22-4277-9f67-4a162526d18a,beck,332
0000c176103e538d5c9828e695fed4f7ae42dd01,437a0e49-c6ae-42f6-a6c1-84f25ed366bc,bon iver,313
0000c176103e538d5c9828e695fed4f7ae42dd01,1c70a3fc-fa3c-4be1-8b55-c3192db8a884,röyksopp,311
0000c176103e538d5c9828e695fed4f7ae42dd01,8cc8eb33-616e-4392-9fe5-28b1fd15adad,rex the dog,300
0000c176103e538d5c9828e695fed4f7ae42dd01,9a709693-b4f8-4da9-8cc1-038c911a61be,bonobo,296
0000c176103e538d5c9828e695fed4f7ae42dd01,4a00ec9d-c635-463a-8cd4-eb61725f0c60,deadmau5,295
0000c176103e538d5c9828e695fed4f7ae42dd01,97b1142f-c71e-4971-8736-4a8ceaf6b4c3,the decemberists,283
0000c176103e538d5c9828e695fed4f7ae42dd01,60dd41cf-8f9d-46d8-bc19-dc7e5acb24c8,earth,282
0000c176103e538d5c9828e695fed4f7ae42dd01,a66999a7-ae5c-460e-ba94-1a01143ae847,snow patrol,278
0000c176103e538d5c9828e695fed4f7ae42dd01,8522b9b6-b295-48d7-9a10-8618fb80beb8,battles,270
0000c176103e538d5c9828e695fed4f7ae42dd01,93eb7110-0bc9-4d3f-816b-4b52ef982ec8,metronomy,268
0000c176103e538d5c9828e695fed4f7ae42dd01,65323ae4-1a49-497f-8f58-ae42b6c05eb6,dj format,247
0000c176103e538d5c9828e695fed4f7ae42dd01,4a4ee089-93b1-4470-af9a-6ff575d32704,the prodigy,234
0000c176103e538d5c9828e695fed4f7ae42dd01,4cbbf0d6-6c78-4e3d-ab25-91b13603cf7c,lemon jelly,233
0000c176103e538d5c9828e695fed4f7ae42dd01,83d91898-7763-47d7-b03b-b92132375c47,pink floyd,217
0000c176103e538d5c9828e695fed4f7ae42dd01,1a120ec5-35b3-4f3e-aa49-7201550d9feb,rjd2,217
0000c176103e538d5c9828e695fed4f7ae42dd01,1f43d76f-8edf-44f6-aaf1-b65f05ad9402,the flaming lips,215
0000c176103e538d5c9828e695fed4f7ae42dd01,c8d0a9fc-f547-4113-87f1-e7e029b58d6f,alasdair fraser & paul machlis,211
0000c176103e538d5c9828e695fed4f7ae42dd01,daeec599-bf5d-4428-994a-e76ba5f86e2f,passion pit,208
0000c176103e538d5c9828e695fed4f7ae42dd01,4342cf80-7c06-4402-a431-457e77310474,holy fuck,205
0000c176103e538d5c9828e695fed4f7ae42dd01,f27ec8db-af05-4f36-916e-3d57f91ecf5e,michael jackson,203
0000c176103e538d5c9828e695fed4f7ae42dd01,c485632c-b784-4ee9-8ea1-c5fb365681fc,mgmt,199
0000c176103e538d5c9828e695fed4f7ae42dd01,b071f9fa-14b0-4217-8e97-eb41da73f598,the rolling stones,198
0000c176103e538d5c9828e695fed4f7ae42dd01,e3e4e534-30cd-4979-bcc5-a75c49802f57,late of the pier,197
0000c176103e538d5c9828e695fed4f7ae42dd01,1f574ab1-a46d-4586-9331-f0ded23e0411,flight of the conchords,192
0000c176103e538d5c9828e695fed4f7ae42dd01,69ec6867-bda0-404b-bac4-338df8d73723,simian mobile disco,192
0000c176103e538d5c9828e695fed4f7ae42dd01,9c9f1380-2516-4fc9-a3e6-f9f61941d090,muse,186
0000c176103e538d5c9828e695fed4f7ae42dd01,bd13909f-1c29-4c27-a874-d4aaf27c5b1a,fleetwood mac,184
0000c176103e538d5c9828e695fed4f7ae42dd01,678d88b2-87b0-403b-b63d-5da7465aecc3,led zeppelin,181
0000ee7dd906373efa37f4e1185bfe1e3f8695ae,f74c7996-4c0b-4ebd-b1e7-219e21c41286,stam1na,758
0000ee7dd906373efa37f4e1185bfe1e3f8695ae,28503ab7-8bf2-4666-a7bd-2644bfc7cb1d,dream theater,572
0000ee7dd906373efa37f4e1185bfe1e3f8695ae,66c662b6-6e2f-4930-8610-912e24c63ed1,ac/dc,554
0000ee7dd906373efa37f4e1185bfe1e3f8695ae,65f4f0c5-ef9e-490c-aee3-909e7ae6b2ab,metallica,473
0000ee7dd906373efa37f4e1185bfe1e3f8695ae,ca891d65-d9b0-4258-89f7-e6ba29d83767,iron maiden,471
0000ee7dd906373efa37f4e1185bfe1e3f8695ae,c296e10c-110a-4103-9e77-47bfebb7fb2e,bob marley & the wailers,447
0000ee7dd906373efa37f4e1185bfe1e3f8695ae,a9044915-8be3-4c7e-b11f-9e2d2ea0a91e,megadeth,255
0000ee7dd906373efa37f4e1185bfe1e3f8695ae,f57e14e4-b030-467c-b202-539453f504ec,children of bodom,247
0000ee7dd906373efa37f4e1185bfe1e3f8695ae,1f5ff245-2837-4d4a-a609-e93e544478c3,trivium,244
0000ee7dd906373efa37f4e1185bfe1e3f8695ae,00376321-ce0f-4bd7-a98f-fcabdbf06ea7,raappana,227
0000ee7dd906373efa37f4e1185bfe1e3f8695ae,00a9f935-ba93-4fc8-a33a-993abe9c936b,nightwish,189
0000ee7dd906373efa37f4e1185bfe1e3f8695ae,44f49e8d-125c-47d4-bab1-37a8a46c5eb9,kotiteollisuus,160
0000ee7dd906373efa37f4e1185bfe1e3f8695ae,51d51dbe-b13a-4169-a3f6-c9f6c8b9908a,circus maximus,156
0000ee7dd906373efa37f4e1185bfe1e3f8695ae,95f5b748-d370-47fe-85bd-0af2dc450bc0,sublime,136
0000ee7dd906373efa37f4e1185bfe1e3f8695ae,63e166d4-b490-48d1-84f7-c19b45c503de,viikate,136
0000ee7dd906373efa37f4e1185bfe1e3f8695ae,4753fcb7-9270-493a-974d-8daca4e49125,volbeat,133
0000ee7dd906373efa37f4e1185bfe1e3f8695ae,eeb1195b-f213-4ce1-b28c-8565211f8e43,guns n' roses,125
0000ee7dd906373efa37f4e1185bfe1e3f8695ae,5dcdb5eb-cb72-4e6e-9e63-b7bace604965,bon jovi,101
0000ee7dd906373efa37f4e1185bfe1e3f8695ae,c55193fb-f5d2-4839-a263-4c044fca1456,dio,101
0000ee7dd906373efa37f4e1185bfe1e3f8695ae,c97c748f-d375-41a6-875d-25843f73ba6f,soldiers of jah army,101
0000ee7dd906373efa37f4e1185bfe1e3f8695ae,c3cceeed-3332-4cf0-8c4c-bbde425147b6,scorpions,97
0000ee7dd906373efa37f4e1185bfe1e3f8695ae,9d59f45d-72e0-4992-abe0-56c66f97b911,teräsbetoni,95
0000ee7dd906373efa37f4e1185bfe1e3f8695ae,ef58d4c9-0d40-42ba-bfab-9186c1483edd,dragonforce,89
0000ee7dd906373efa37f4e1185bfe1e3f8695ae,6a31f35f-78b4-4a78-bcff-d6262d8ef2a3,nopsajalka,77
0000ee7dd906373efa37f4e1185bfe1e3f8695ae,44cf61b8-5197-448a-b82b-cef6ee89fac5,paramore,75
0000ee7dd906373efa37f4e1185bfe1e3f8695ae,81df2271-03a1-46a3-bb30-cce187235312,the darkness,73
0000ee7dd906373efa37f4e1185bfe1e3f8695ae,2580100e-2387-40f8-900a-5e65b88ac018,soul captain band,68
0000ee7dd906373efa37f4e1185bfe1e3f8695ae,a325764b-168d-47f3-a823-f52ae5cdefaf,asa,67
0000ee7dd906373efa37f4e1185bfe1e3f8695ae,0c235ae9-7e9d-428f-b0af-3fa8dbb20064,tarot,63
0000ee7dd906373efa37f4e1185bfe1e3f8695ae,54906119-a131-4056-98f9-4b27dd9ba729,klamydia,62
0000ee7dd906373efa37f4e1185bfe1e3f8695ae,37d29a0a-4f5d-4a53-917c-bd0e897c54f7,gentleman,61
0000ee7dd906373efa37f4e1185bfe1e3f8695ae,26f07661-e115-471d-a930-206f5c89d17c,mötley crüe,59
0000ee7dd906373efa37f4e1185bfe1e3f8695ae,0383dadf-2a4e-4d10-a46a-e9e041da8eb3,queen,57
0000ee7dd906373efa37f4e1185bfe1e3f8695ae,00eeed6b-5897-4359-8347-b8cd28375331,manowar,54
0000ee7dd906373efa37f4e1185bfe1e3f8695ae,66fc5bf8-daa4-4241-b378-9bc9077939d2,tool,54
0000ee7dd906373efa37f4e1185bfe1e3f8695ae,8295ee00-0096-461d-95c7-c2263d2a4c6d,killswitch engage,53
0000ee7dd906373efa37f4e1185bfe1e3f8695ae,bdacc37b-8633-4bf8-9dd5-4662ee651aec,slayer,52
0000ee7dd906373efa37f4e1185bfe1e3f8695ae,31745282-b1ea-4d62-939f-226b14d68e7c,in flames,51
0000ee7dd906373efa37f4e1185bfe1e3f8695ae,6da0515e-a27d-449d-84cc-00713c38a140,skid row,46
0000ee7dd906373efa37f4e1185bfe1e3f8695ae,91692502-b832-48c5-b20d-b1780c15239b,stone,46
0000ee7dd906373efa37f4e1185bfe1e3f8695ae,d530dbf9-69b1-404f-98f2-0431104f5a1e,bullet for my valentine,44
0000ee7dd906373efa37f4e1185bfe1e3f8695ae,e979c1bc-5cc2-497b-801f-823244a9166d,mokoma,44
0000ee7dd906373efa37f4e1185bfe1e3f8695ae,541f16f5-ad7a-428e-af89-9fa1b16d3c9c,pantera,44
0000ee7dd906373efa37f4e1185bfe1e3f8695ae,5b66e2fb-c6dd-4176-9cb8-8a75baf1c933,brother firetribe,42
0000ee7dd906373efa37f4e1185bfe1e3f8695ae,1997642e-b202-426d-8fab-50e4c5dc095e,hurriganes,40
0000ee7dd906373efa37f4e1185bfe1e3f8695ae,313a0007-b9d3-4036-921a-ce311f9795ad,norther,40
0000ee7dd906373efa37f4e1185bfe1e3f8695ae,c3d6fdd5-67c5-453e-87e3-d17a00a52879,stratovarius,40
0000ee7dd906373efa37f4e1185bfe1e3f8695ae,ce008ef1-81f6-42a4-8a53-287115f619bc,kiuas,39
0000ee7dd906373efa37f4e1185bfe1e3f8695ae,8aa5b65a-5b3c-4029-92bf-47a544356934,ozzy osbourne,34
0000ef373bbd0d89ce796abae961f2705e8c1faf,b7c3a53f-3f07-47e5-897f-d48267fa2193,pin,421
0000ef373bbd0d89ce796abae961f2705e8c1faf,f5a13ee8-effd-44cb-bc76-a7d21de6d890,feel,401
0000ef373bbd0d89ce796abae961f2705e8c1faf,b83bc61f-8451-4a5d-8b8e-7e9ed295e822,elton john,140
0000ef373bbd0d89ce796abae961f2705e8c1faf,5bb2a9c8-3505-4c45-9717-19f0f8f35425,orgy,128
0000ef373bbd0d89ce796abae961f2705e8c1faf,01e60eba-52df-4694-8f09-39f43abe54e9,brandy,105
0000ef373bbd0d89ce796abae961f2705e8c1faf,be540c02-7898-4b79-9acc-c8122c7d9e83,pet shop boys,101
0000ef373bbd0d89ce796abae961f2705e8c1faf,67930b3e-e00b-469f-8c74-fd69f20522ec,sade,101
0000ef373bbd0d89ce796abae961f2705e8c1faf,2925aac9-5474-4030-b8a3-4151107010b2,belinda carlisle,97
0000ef373bbd0d89ce796abae961f2705e8c1faf,65f4f0c5-ef9e-490c-aee3-909e7ae6b2ab,metallica,95
0000ef373bbd0d89ce796abae961f2705e8c1faf,b4d32cff-f19e-455f-86c4-f347d824ca61,eurythmics,85
0000ef373bbd0d89ce796abae961f2705e8c1faf,a1684a49-feaa-4150-b758-d9412fc59f12,mike oldfield,79
0000ef373bbd0d89ce796abae961f2705e8c1faf,debabff3-2559-46e5-862d-ef2a906d7010,hall & oates,76
0000ef373bbd0d89ce796abae961f2705e8c1faf,c707b37e-cb5c-4694-be4d-46beefcb2475,chris rea,73
0000ef373bbd0d89ce796abae961f2705e8c1faf,917976a6-75b1-46af-b57b-71f13de20422,laura branigan,65
0000ef373bbd0d89ce796abae961f2705e8c1faf,21666405-49f8-44f6-94bb-e064f202f7ba,the waterboys,64
0000ef373bbd0d89ce796abae961f2705e8c1faf,17beaa4e-907e-45a3-a9e3-62d66765e44a,maciej silski,62
0000ef373bbd0d89ce796abae961f2705e8c1faf,8d552dfc-648f-401f-90de-e925013ca537,leona lewis,59
0000ef373bbd0d89ce796abae961f2705e8c1faf,ccb8f30e-4d71-40c4-8b1d-846dafe73e2c,george michael,56
0000ef373bbd0d89ce796abae961f2705e8c1faf,738457fb-624c-40db-b68c-66c7a238a955,black,53
0000ef373bbd0d89ce796abae961f2705e8c1faf,58ca7612-2b43-4acd-8f95-5e123cf015dc,frozen silence,49
0000ef373bbd0d89ce796abae961f2705e8c1faf,480c8278-9245-45fc-8add-cfd521ba88e4,sweet coffee,49
0000ef373bbd0d89ce796abae961f2705e8c1faf,8e67406d-de61-4e6b-a2a1-5a3725484527,blackfield,47
0000ef373bbd0d89ce796abae961f2705e8c1faf,7bd9e20e-74b9-446a-a2ed-a223f82a36e7,cyndi lauper,47
0000ef373bbd0d89ce796abae961f2705e8c1faf,dc1492bc-2aab-4c59-92bc-2b030f781a05,pseudo echo,47
0000ef373bbd0d89ce796abae961f2705e8c1faf,b9a23705-56e8-4fb6-9543-7f43ab62eac7,desireless,39
0000ef373bbd0d89ce796abae961f2705e8c1faf,8f9d6bb2-dba4-4cca-9967-cc02b9f4820c,limp bizkit,38
0000ef373bbd0d89ce796abae961f2705e8c1faf,98913495-8867-43b3-aa8d-db88ee4d4cdc,modern talking,37
0000ef373bbd0d89ce796abae961f2705e8c1faf,73e5e69d-3554-40d8-8516-00cb38737a1c,rihanna,36
0000ef373bbd0d89ce796abae961f2705e8c1faf,7364dea6-ca9a-48e3-be01-b44ad0d19897,a-ha,35
0000ef373bbd0d89ce796abae961f2705e8c1faf,f59c5520-5f46-4d2c-b2c4-822eabf53419,linkin park,34
0000ef373bbd0d89ce796abae961f2705e8c1faf,e6de1f3b-6484-491c-88dd-6d619f142abc,hans zimmer,32
0000ef373bbd0d89ce796abae961f2705e8c1faf,13655113-cd16-4b43-9dca-cadbbf26ee05,nelly furtado,31
0000ef373bbd0d89ce796abae961f2705e8c1faf,79239441-bfd5-4981-a70c-55c3f15c1287,madonna,29
0000ef373bbd0d89ce796abae961f2705e8c1faf,0743b15a-3c32-48c8-ad58-cb325350befa,blink-182,25
0000ef373bbd0d89ce796abae961f2705e8c1faf,d547b148-cf1f-421b-9464-ce7411ba44b8,dave gahan,24
0000ef373bbd0d89ce796abae961f2705e8c1faf,d339efbb-77b9-4147-ba9e-59f2f24550b2,kelly clarkson,23
0000ef373bbd0d89ce796abae961f2705e8c1faf,59daa33b-98b4-49f6-aac2-af86621c7721,lucie silvas,23
0000ef373bbd0d89ce796abae961f2705e8c1faf,60530915-9371-4b16-bc31-5c4456317ae0,natalie imbruglia,23
0000ef373bbd0d89ce796abae961f2705e8c1faf,a10f94a9-2a3c-4166-b9fa-a7bed0bf7d96,michelle branch,22
0000ef373bbd0d89ce796abae961f2705e8c1faf,8c5755b4-2de6-4158-bca9-e354cbf07437,delta goodrem,21
0000ef373bbd0d89ce796abae961f2705e8c1faf,f1106b17-dcbb-45f6-b938-199ccfab50cc,new order,21
0000ef373bbd0d89ce796abae961f2705e8c1faf,f053ae01-dae6-4aae-9883-e8c279fdbef4,seal,21
0000ef373bbd0d89ce796abae961f2705e8c1faf,6fda00c2-449a-4bf4-838f-038d41a07c73,atomic kitten,20
0000ef373bbd0d89ce796abae961f2705e8c1faf,2f569e60-0a1b-4fb9-95a4-3dc1525d1aad,backstreet boys,20
0000ef373bbd0d89ce796abae961f2705e8c1faf,db76c5ca-d555-4f09-b1db-baa1b713d875,mary j. blige,20
0000ef373bbd0d89ce796abae961f2705e8c1faf,c306d351-62e9-4d04-ab9f-7d7a07059e65,negative,20
0000ef373bbd0d89ce796abae961f2705e8c1faf,596ffa74-3d08-44ef-b113-765d43d12738,justin timberlake,19
0000ef373bbd0d89ce796abae961f2705e8c1faf,a871fd87-50f7-4032-b06d-da56779edcce,savage garden,19
0000ef373bbd0d89ce796abae961f2705e8c1faf,87c5dedd-371d-4a53-9f7f-80522fb7f3cb,björk,17
0000ef373bbd0d89ce796abae961f2705e8c1faf,da12455f-733b-46b4-ad6b-aa575914fc6b,nerina pallot,17
0000ef373bbd0d89ce796abae961f2705e8c1faf,43b58c98-3779-4b04-9a23-1c95cca3a145,erasure,16
0000ef373bbd0d89ce796abae961f2705e8c1faf,7b885d42-3c41-4f43-9944-a5855ec5155e,goldfrapp,16
0000ef373bbd0d89ce796abae961f2705e8c1faf,81435053-e1a2-48a4-adfd-e89f310c7b38,culture club,15
0000ef373bbd0d89ce796abae961f2705e8c1faf,a4a3048f-3968-4848-9f53-94e3d4f88b53,mr. oizo,14
0000ef373bbd0d89ce796abae961f2705e8c1faf,db4624cf-0e44-481e-a9dc-2142b833ec2f,robbie williams,13
0000f687d4fe9c1ed49620fbc5ed5b0d7798ea20,d5be5333-4171-427e-8e12-732087c6b78e,black eyed peas,12
0000f687d4fe9c1ed49620fbc5ed5b0d7798ea20,13655113-cd16-4b43-9dca-cadbbf26ee05,nelly furtado,11
0000f687d4fe9c1ed49620fbc5ed5b0d7798ea20,a6909831-bb84-4ed8-ab5e-df6cab95abb7,antonio orozco,10
0000f687d4fe9c1ed49620fbc5ed5b0d7798ea20,6ea036a8-4b1e-4040-baf5-ae84b26faae2,decai,10
0000f687d4fe9c1ed49620fbc5ed5b0d7798ea20,73e5e69d-3554-40d8-8516-00cb38737a1c,rihanna,10
0000f687d4fe9c1ed49620fbc5ed5b0d7798ea20,81b1e57a-f47b-4b8d-b034-61e01f72bd56,kiko & shara,9
0000f687d4fe9c1ed49620fbc5ed5b0d7798ea20,25607613-aceb-445a-8519-83a2ee0f8402,marc anthony,8
0000f687d4fe9c1ed49620fbc5ed5b0d7798ea20,59daa33b-98b4-49f6-aac2-af86621c7721,lucie silvas,7
0000f687d4fe9c1ed49620fbc5ed5b0d7798ea20,e194045c-6fa4-4508-b9a9-dc928665308f,manuel carrasco,7
0000f687d4fe9c1ed49620fbc5ed5b0d7798ea20,e11051f9-0098-41aa-9edb-8dacd8f1c6b5,mika,7
0000f687d4fe9c1ed49620fbc5ed5b0d7798ea20,8b0f05ce-354e-4121-9e0b-8b4732ea844f,juanes,6
0000f687d4fe9c1ed49620fbc5ed5b0d7798ea20,a7c38944-b3fa-4a3d-a4bd-d3b3b06f0cbf,la oreja de van gogh,6
0000f687d4fe9c1ed49620fbc5ed5b0d7798ea20,86d61837-890c-4d04-aeec-30d70ad77298,melendi,6
0000f687d4fe9c1ed49620fbc5ed5b0d7798ea20,7a519099-d4c8-46c8-805b-214dab0e58a2,amaral,5
0000f687d4fe9c1ed49620fbc5ed5b0d7798ea20,5dec643a-423f-4051-ac13-87e59525ad74,andy & lucas,5
0000f687d4fe9c1ed49620fbc5ed5b0d7798ea20,b44eab39-900f-446f-af67-0512a88e54ec,chambao,5
0000f687d4fe9c1ed49620fbc5ed5b0d7798ea20,327e24c0-95b4-4754-b509-108dc7f8abfa,chayanne,5
0000f687d4fe9c1ed49620fbc5ed5b0d7798ea20,8cc00e45-94c9-40e0-882b-0e76dd5b472b,christian castro,5
0000f687d4fe9c1ed49620fbc5ed5b0d7798ea20,b202beb7-99bd-47e7-8b72-195c8d72ebdd,christina aguilera,5
0000f687d4fe9c1ed49620fbc5ed5b0d7798ea20,89e39f67-65cc-4f90-b145-b1b56c209f8a,craig david,5
0000f687d4fe9c1ed49620fbc5ed5b0d7798ea20,d68fda90-ab8d-4799-be56-317ba4ae700f,luis fonsi,5
0000f687d4fe9c1ed49620fbc5ed5b0d7798ea20,cea53984-77dd-4ef4-86ed-4c853295f860,sergio contreras,5
0000f687d4fe9c1ed49620fbc5ed5b0d7798ea20,51d0f1d0-26c5-482d-b466-1ddbe09e735f,ana torroja,4
0000f687d4fe9c1ed49620fbc5ed5b0d7798ea20,183105b5-3e68-4748-9086-2c1c11bf7a3d,beyoncé,4
0000f687d4fe9c1ed49620fbc5ed5b0d7798ea20,bca15932-0753-4d8c-8d37-2a447c6fe716,bustamante,4
0000f687d4fe9c1ed49620fbc5ed5b0d7798ea20,6100e9f6-4316-4553-8f23-80466e253fc5,camila,4
0000f687d4fe9c1ed49620fbc5ed5b0d7798ea20,efc8a006-d0c6-4a9b-8cb1-91ca770fa2b9,colbie caillat,4
0000f687d4fe9c1ed49620fbc5ed5b0d7798ea20,8a806a55-fa0d-4060-82e5-ecfbd24a5bc3,coti,4
0000f687d4fe9c1ed49620fbc5ed5b0d7798ea20,95c8b6b7-1e24-4987-804c-024f6b05cd91,david bisbal,4
0000f687d4fe9c1ed49620fbc5ed5b0d7798ea20,8c5755b4-2de6-4158-bca9-e354cbf07437,delta goodrem,4
0000f687d4fe9c1ed49620fbc5ed5b0d7798ea20,6b7e3de0-fcca-41b0-b849-9034fcae2225,edurne,4
0000f687d4fe9c1ed49620fbc5ed5b0d7798ea20,16903d74-9a6a-4cd3-9081-1d752703e8ed,fito & fitipaldis,4
0000f687d4fe9c1ed49620fbc5ed5b0d7798ea20,82246ef2-d87b-4e4e-906d-0bbc547f57ee,hanna,4
0000f687d4fe9c1ed49620fbc5ed5b0d7798ea20,596ffa74-3d08-44ef-b113-765d43d12738,justin timberlake,4
0000f687d4fe9c1ed49620fbc5ed5b0d7798ea20,b8b21444-a952-4329-9c6e-680a6364be50,malu,4
0000f687d4fe9c1ed49620fbc5ed5b0d7798ea20,5938c629-1d06-480b-9780-859b153af11e,paulina rubio,4
0000f687d4fe9c1ed49620fbc5ed5b0d7798ea20,f75752c9-73a3-4f3e-8477-a42cd9629ec5,rosana,4
0000f687d4fe9c1ed49620fbc5ed5b0d7798ea20,7c20f558-d664-42bd-b6f1-81acf9dbb72d,t.a.t.u.,4
0000f687d4fe9c1ed49620fbc5ed5b0d7798ea20,dfe9a7c4-8cf2-47f4-9dcb-d233c2b86ec3,amy winehouse,3
0000f687d4fe9c1ed49620fbc5ed5b0d7798ea20,92d10e96-8e61-4c7b-80fe-3169af4beda4,efecto mariposa,3
0000f687d4fe9c1ed49620fbc5ed5b0d7798ea20,cdffd785-d94e-48ed-9484-6de40ce7d3f5,el arrebato,3
0000f687d4fe9c1ed49620fbc5ed5b0d7798ea20,35f866dc-c061-48ba-8157-cf2e0eac4857,enrique iglesias,3
0000f687d4fe9c1ed49620fbc5ed5b0d7798ea20,,fondo flamenco,3
0000f687d4fe9c1ed49620fbc5ed5b0d7798ea20,f0602f55-1770-483d-89bd-4bae0d0ac086,jennifer lopez,3
0000f687d4fe9c1ed49620fbc5ed5b0d7798ea20,d339efbb-77b9-4147-ba9e-59f2f24550b2,kelly clarkson,3
0000f687d4fe9c1ed49620fbc5ed5b0d7798ea20,d67a17a1-1c77-43ef-89c7-c0b57b7fbe6a,mecano,3
0000f687d4fe9c1ed49620fbc5ed5b0d7798ea20,401c3991-b76b-499d-8082-9f2df958ef78,phil collins,3
0000f687d4fe9c1ed49620fbc5ed5b0d7798ea20,f7eb3be3-1065-4a53-94d4-e2d0c15c0b33,sean kingston,3
0000f687d4fe9c1ed49620fbc5ed5b0d7798ea20,a3cb23fc-acd3-4ce0-8f36-1e5aa6a18432,u2,3
0001399387da41d557219578fb08b12afa25ab67,0743b15a-3c32-48c8-ad58-cb325350befa,blink-182,3366
0001399387da41d557219578fb08b12afa25ab67,4623daa8-d17f-4e76-a39d-fd22408463f1,dub fx,1255
0001399387da41d557219578fb08b12afa25ab67,1cae523b-fbf3-4312-a5c9-e569a6d4bd74,box car racer,1060
0001399387da41d557219578fb08b12afa25ab67,4df5d35b-a9d4-4d4f-91f6-bae55693de31,zebrahead,699
0001399387da41d557219578fb08b12afa25ab67,7bf1f441-ccf1-4258-9797-07c8d16eb44c,paul oakenfold,419
0001399387da41d557219578fb08b12afa25ab67,f2fc6ece-5615-4d2c-9cb3-8c5d51a839ea,pendulum,397
0001399387da41d557219578fb08b12afa25ab67,721b1224-a9ce-47e5-9d25-3fc6277c7479,ronald jenkees,391
0001399387da41d557219578fb08b12afa25ab67,f2eef649-a6d5-4114-afba-e50ab26254d2,sum 41,391
0001399387da41d557219578fb08b12afa25ab67,05071a7e-e71c-4306-a509-591cd3686893,angels & airwaves,374
0001399387da41d557219578fb08b12afa25ab67,4ea2fd64-834c-4d78-8f4c-2a900c439031,haggard,305
0001399387da41d557219578fb08b12afa25ab67,8ac6cc32-8ddf-43b1-9ac4-4b04f9053176,alien ant farm,263
0001399387da41d557219578fb08b12afa25ab67,23a03e33-a603-404e-bcbf-2c00159d7067,the offspring,256
0001399387da41d557219578fb08b12afa25ab67,87a417d3-f118-43e0-bece-3de1bd90fce0,Океан Ельзи,242
0001399387da41d557219578fb08b12afa25ab67,f59c5520-5f46-4d2c-b2c4-822eabf53419,linkin park,212
0001399387da41d557219578fb08b12afa25ab67,31321410-37c0-442c-aec0-0611ca43ba15,ronan hardiman,185
0001399387da41d557219578fb08b12afa25ab67,aaf09f31-bb5c-43e5-9f54-bb6554c33a71,the crystal method,170
0001399387da41d557219578fb08b12afa25ab67,4a4ee089-93b1-4470-af9a-6ff575d32704,the prodigy,139
0001399387da41d557219578fb08b12afa25ab67,eb440023-8eb3-4c92-836d-91e4772bae41,川田まみ,120
0001399387da41d557219578fb08b12afa25ab67,b95ce3ff-3d05-4e87-9e01-c97b66af13d4,eminem,116
0001399387da41d557219578fb08b12afa25ab67,eae38719-96b6-4aa5-8303-5bb08f953c86,the qemists,104
0001399387da41d557219578fb08b12afa25ab67,d89de379-665d-425c-b2e9-41b95d1edb36,silverstein,88
0001399387da41d557219578fb08b12afa25ab67,606bf117-494f-4864-891f-09d63ff6aa4b,rise against,85
0001399387da41d557219578fb08b12afa25ab67,4ab0dc51-a8dd-456a-9f43-8a7845301853,Бумбокс,81
0001399387da41d557219578fb08b12afa25ab67,6cd75490-d921-4325-b634-2db232f26055,scum of the earth,79
0001399387da41d557219578fb08b12afa25ab67,8cecffe6-783a-4aeb-8720-68e46cc5c55d,blu mar ten,73
0001399387da41d557219578fb08b12afa25ab67,5dfbf314-2052-4c3b-9a7a-5270fb3b2a55,bomfunk mcs,73
0001399387da41d557219578fb08b12afa25ab67,c75d637d-bcca-4123-9ffa-fab3c01be71a,vanessa-mae,73
0001399387da41d557219578fb08b12afa25ab67,20cbc4ba-da3b-46f3-9d53-5dc3e0e6d4b9,Тартак,71
0001399387da41d557219578fb08b12afa25ab67,d1115ccf-3c6b-440b-9005-73224ecff98e,"drop dead, gorgeous",68
0001399387da41d557219578fb08b12afa25ab67,70d6d0ac-1f6b-49f0-abf1-a35a6b1a679b,flying steps,67
0001399387da41d557219578fb08b12afa25ab67,6955cddd-62d3-4acf-bce2-b94eca8a8d06,drumattic twins,66
0001399387da41d557219578fb08b12afa25ab67,ef2d4a1c-195e-41f4-839e-bdfd3f85adc3,andrew w.k.,63
0001399387da41d557219578fb08b12afa25ab67,2fa0d3ac-b64c-401a-b0a1-4915ba6cc157,hoobastank,60
0001399387da41d557219578fb08b12afa25ab67,74508b04-b376-4f38-966c-f16d53eab3de,dover,59
0001399387da41d557219578fb08b12afa25ab67,be0aa5b2-98b9-4997-9342-d40b585e2c23,bodyjar,57
0001399387da41d557219578fb08b12afa25ab67,a30a4a17-860d-4c45-b647-35fc9bdf5505,southside rockers,56
0001399387da41d557219578fb08b12afa25ab67,2996c6a2-215d-4f78-aed6-81a130b04816,prodigy,52
0001399387da41d557219578fb08b12afa25ab67,c231a7c0-b0bc-4eab-ba45-9c1ff02927a0,future prophecies,51
0001399387da41d557219578fb08b12afa25ab67,d8df7087-06d5-4545-9024-831bb8558ad1,jonathan coulton,51
0001399387da41d557219578fb08b12afa25ab67,aafa70a4-2f06-4975-935e-b283fc87de7e,blessthefall,49
0001399387da41d557219578fb08b12afa25ab67,44a54305-bdf9-43d7-bb1a-b4966fdd4bce,nubreed & luke chable,49
0001399387da41d557219578fb08b12afa25ab67,aa7a2827-f74b-473c-bd79-03d065835cf7,franz ferdinand,47
0001399387da41d557219578fb08b12afa25ab67,b5af6fff-b2ca-4c0d-bbdb-007bd10c8f66,johannes linstead,47
0001399387da41d557219578fb08b12afa25ab67,eab76c9f-ff91-4431-b6dd-3b976c598020,infected mushroom,45
0001399387da41d557219578fb08b12afa25ab67,9ffad8aa-b671-4a9a-a527-a95bdaaa0ec4,darude,41
0001399387da41d557219578fb08b12afa25ab67,c3171463-d55c-4140-ad06-dbdac29c508c,akira yamaoka,40
0001399387da41d557219578fb08b12afa25ab67,a1ed5e33-22ff-4e7d-a457-42f4309e135f,aqua,39
0001399387da41d557219578fb08b12afa25ab67,f16d25c6-556f-42f9-b648-5f48a8f96ec2,clawfinger,38
0001399387da41d557219578fb08b12afa25ab67,ca89a1e5-8e3e-4de4-a946-0331dcbac12a,dusty kid,37
0001399387da41d557219578fb08b12afa25ab67,b4946461-dacb-4aa9-a77c-7b3231317794,senses fail,37
0001399387da41d557219578fb08b12afa25ab67,eb132583-2351-42f0-b371-08245cfb8711,commix,31
0001399387da41d557219578fb08b12afa25ab67,,id software,31
0001399387da41d557219578fb08b12afa25ab67,b9472588-93f3-4922-a1a2-74082cdf9ce8,panic at the disco,31
0001399387da41d557219578fb08b12afa25ab67,d84c4e93-9c5f-45ab-a4ba-bd79d037eb31,enigma,29
0001399387da41d557219578fb08b12afa25ab67,34c63966-445c-4613-afe1-4f0e1e53ae9a,fatboy slim,28
0001399387da41d557219578fb08b12afa25ab67,fc4568b6-cbe3-4a3d-8409-28510c19e3e2,krs-one,28
0001399387da41d557219578fb08b12afa25ab67,87a73cf0-ebdf-483d-8b5a-3db1e5e72122,drowning pool,24
0001399387da41d557219578fb08b12afa25ab67,847e8284-8582-4b0e-9c26-b042a4f49e57,placebo,24
000163263d2a41a3966a3746855b8b75b7d7aa83,9e116df4-f342-4fdf-a693-3cb0b9cc6718,david & the citizens,2373
000163263d2a41a3966a3746855b8b75b7d7aa83,ffb2d3e3-a4cc-48cf-8fb0-f2f846e9d7b9,kent,1724
000163263d2a41a3966a3746855b8b75b7d7aa83,96064c1a-fef0-47f8-912b-98322c24af41,säkert!,798
000163263d2a41a3966a3746855b8b75b7d7aa83,0f716769-a803-44a5-bb5c-cd9d563716dd,detektivbyrån,753
000163263d2a41a3966a3746855b8b75b7d7aa83,1723c867-d5c5-4a61-a40b-8c04fa7acf1b,lars winnerbäck,750
000163263d2a41a3966a3746855b8b75b7d7aa83,aeaaf8ff-c85d-4861-88db-ece7f837c5f8,raymond & maria,737
000163263d2a41a3966a3746855b8b75b7d7aa83,cc197bad-dc9c-440d-a5b5-d52ba2e14234,coldplay,639
000163263d2a41a3966a3746855b8b75b7d7aa83,847e8284-8582-4b0e-9c26-b042a4f49e57,placebo,626
000163263d2a41a3966a3746855b8b75b7d7aa83,a66999a7-ae5c-460e-ba94-1a01143ae847,snow patrol,611
000163263d2a41a3966a3746855b8b75b7d7aa83,d13f0f47-36f9-4661-87fe-2de56f45c649,tegan and sara,606
000163263d2a41a3966a3746855b8b75b7d7aa83,bf710b71-48e5-4e15-9bd6-96debb2e4e98,the knife,543
000163263d2a41a3966a3746855b8b75b7d7aa83,0039c7ae-e1a7-4a7d-9b49-0cbc716821a6,death cab for cutie,531
000163263d2a41a3966a3746855b8b75b7d7aa83,14efbb08-c3d8-404c-9ead-ad71fa586ee6,tiger lou,487
000163263d2a41a3966a3746855b8b75b7d7aa83,6ee8668b-b4e1-48cf-ba25-a6f7c8bf864d,håkan hellström,463
000163263d2a41a3966a3746855b8b75b7d7aa83,e7319465-1bed-432b-a540-cb16c264f214,david fridlund,425
000163263d2a41a3966a3746855b8b75b7d7aa83,6e17c8d1-2493-46cc-88d4-64b848a32593,the ark,381
000163263d2a41a3966a3746855b8b75b7d7aa83,6a5f768c-db43-461a-8e58-658084ebe84d,alice in videoland,377
000163263d2a41a3966a3746855b8b75b7d7aa83,e671e05a-dd3d-4f24-8c00-e84b96890cf3,timo räisänen,370
000163263d2a41a3966a3746855b8b75b7d7aa83,3e55d51d-687f-4a9d-af96-2fabccf802e5,the cardigans,353
000163263d2a41a3966a3746855b8b75b7d7aa83,ada7a83c-e3e1-40f1-93f9-3e73dbc9298a,arctic monkeys,352
000163263d2a41a3966a3746855b8b75b7d7aa83,8c538f11-c141-4588-8ecb-931083524186,bloc party,346
000163263d2a41a3966a3746855b8b75b7d7aa83,39ab1aed-75e0-4140-bd47-540276886b60,oasis,300
000163263d2a41a3966a3746855b8b75b7d7aa83,b9472588-93f3-4922-a1a2-74082cdf9ce8,panic at the disco,300
000163263d2a41a3966a3746855b8b75b7d7aa83,5984e4ec-8a8e-4762-a5fb-e7d53436e0bd,sahara hotnights,266
000163263d2a41a3966a3746855b8b75b7d7aa83,a74b1b7f-71a5-4011-9441-d0b5e4122711,radiohead,252
000163263d2a41a3966a3746855b8b75b7d7aa83,9d6a7238-e379-42f0-bbed-d3025acc2a8c,vapnet,247
000163263d2a41a3966a3746855b8b75b7d7aa83,96e2e78e-1e22-45b5-af33-7d79a91ee308,laleh,239
000163263d2a41a3966a3746855b8b75b7d7aa83,4ac4e32b-bd18-402e-adad-ae00e72f8d85,patrick wolf,237
000163263d2a41a3966a3746855b8b75b7d7aa83,aa7a2827-f74b-473c-bd79-03d065835cf7,franz ferdinand,229
000163263d2a41a3966a3746855b8b75b7d7aa83,c718e1b3-aad3-48aa-8ad3-ea4184b949bc,markus krunegård,226
000163263d2a41a3966a3746855b8b75b7d7aa83,f82f3a3e-29c2-42ca-b589-bc5dc210fa9e,the kooks,225
000163263d2a41a3966a3746855b8b75b7d7aa83,95e1ead9-4d31-4808-a7ac-32c3614c116b,the killers,210
000163263d2a41a3966a3746855b8b75b7d7aa83,c438aad4-d622-4b40-93fe-ddec306ab475,deportees,204
000163263d2a41a3966a3746855b8b75b7d7aa83,ea4dfa26-f633-4da6-a52a-f49ea4897b58,r.e.m.,199
000163263d2a41a3966a3746855b8b75b7d7aa83,52074ba6-e495-4ef3-9bb4-0703888a9f68,arcade fire,198
000163263d2a41a3966a3746855b8b75b7d7aa83,f181961b-20f7-459e-89de-920ef03c7ed0,the strokes,195
000163263d2a41a3966a3746855b8b75b7d7aa83,3869dbb7-da0c-455f-ad74-332a9d35d016,slagsmålsklubben,193
000163263d2a41a3966a3746855b8b75b7d7aa83,d8915e13-d67a-4aa0-9c0b-1f126af951af,hot chip,186
000163263d2a41a3966a3746855b8b75b7d7aa83,a11aacf5-fcbe-47f9-b065-75f4466c00ae,millencolin,184
000163263d2a41a3966a3746855b8b75b7d7aa83,ad92dd9c-56ef-4443-b2c0-ff2f7d9cca49,the sounds,173
000163263d2a41a3966a3746855b8b75b7d7aa83,fa927f59-d443-418a-b741-e557208aaf09,mew,171
000163263d2a41a3966a3746855b8b75b7d7aa83,b10bbbfc-cf9e-42e0-be17-e2c3e1d2600d,the beatles,170
000163263d2a41a3966a3746855b8b75b7d7aa83,084308bd-1654-436f-ba03-df6697104e19,green day,168
000163263d2a41a3966a3746855b8b75b7d7aa83,cf0f4547-ffbd-4011-98ad-0bec9ba022db,kings of convenience,167
000163263d2a41a3966a3746855b8b75b7d7aa83,9c9f1380-2516-4fc9-a3e6-f9f61941d090,muse,167
000163263d2a41a3966a3746855b8b75b7d7aa83,2fa0d3ac-b64c-401a-b0a1-4915ba6cc157,hoobastank,165
000163263d2a41a3966a3746855b8b75b7d7aa83,9d123f67-4998-42ad-9e6c-35ad7dc97aa8,firefox ak,153
000163263d2a41a3966a3746855b8b75b7d7aa83,ea854cc1-13fc-4fd0-86a5-d2c7dba06764,mando diao,148
000163263d2a41a3966a3746855b8b75b7d7aa83,8b5d7dae-6430-473c-8cf6-f448a2e0d3f9,the tough alliance,148
000163263d2a41a3966a3746855b8b75b7d7aa83,25a757f1-9fbe-4c52-be2e-1a5294fb25b9,shout out louds,145
000163263d2a41a3966a3746855b8b75b7d7aa83,97b1142f-c71e-4971-8736-4a8ceaf6b4c3,the decemberists,144
000163263d2a41a3966a3746855b8b75b7d7aa83,79239441-bfd5-4981-a70c-55c3f15c1287,madonna,141
000163263d2a41a3966a3746855b8b75b7d7aa83,c7020c6d-cae9-4db3-92a7-e5c561cbad50,keane,140
0001a57568309b287363e72dc682e9a170ba6dc2,908fedf4-548a-430f-b806-38fca9507dc4,wir sind helden,1047
0001a57568309b287363e72dc682e9a170ba6dc2,228af6b5-f691-4ed2-a63b-10cc6fcc1144,thompson twins,927
0001a57568309b287363e72dc682e9a170ba6dc2,3c0a0074-4f26-4d3b-b723-a66bf6cc3753,hanson,728
0001a57568309b287363e72dc682e9a170ba6dc2,fbd2a255-1d57-4d31-ac11-65b671c19958,no doubt,510
0001a57568309b287363e72dc682e9a170ba6dc2,6d072aa8-c851-49c5-92f9-cbca05f4bed9,orchestral manoeuvres in the dark,439
0001a57568309b287363e72dc682e9a170ba6dc2,d13f0f47-36f9-4661-87fe-2de56f45c649,tegan and sara,406
0001a57568309b287363e72dc682e9a170ba6dc2,7adaabfb-acfb-47bc-8c7c-59471c2f0db8,the human league,295
0001a57568309b287363e72dc682e9a170ba6dc2,318d3337-7ca5-49af-aa94-d95934717858,altered images,293
0001a57568309b287363e72dc682e9a170ba6dc2,b0a55bd8-60c7-45c1-b78e-f20e4c8adba1,martina mcbride,280
0001a57568309b287363e72dc682e9a170ba6dc2,42922db2-2e80-44b8-9cdf-0b3a6634c124,yazoo,254
0001a57568309b287363e72dc682e9a170ba6dc2,fbb375f9-48bb-4635-824e-4120273b3ba7,regina spektor,246
0001a57568309b287363e72dc682e9a170ba6dc2,81b07a2a-cdf0-4c5e-a68c-8d910e1f0ea6,the format,224
0001a57568309b287363e72dc682e9a170ba6dc2,3ba1d6b6-da11-40cc-940b-60268aaf58d2,the honorary title,186
0001a57568309b287363e72dc682e9a170ba6dc2,c5db90c4-580d-4f33-b364-fbaa5a3a58b5,the murmurs,176
0001a57568309b287363e72dc682e9a170ba6dc2,9ee3fc49-a54c-48cd-96d5-d678f5d409db,carolyn dawn johnson,173
0001a57568309b287363e72dc682e9a170ba6dc2,b10bbbfc-cf9e-42e0-be17-e2c3e1d2600d,the beatles,167
0001a57568309b287363e72dc682e9a170ba6dc2,c48d4327-8122-4286-af66-05e1ee6ac4d8,mazzy star,163
0001a57568309b287363e72dc682e9a170ba6dc2,50549203-9602-451c-b49f-ff031ba8635c,dashboard confessional,161
0001a57568309b287363e72dc682e9a170ba6dc2,2ab30461-12e3-4c97-b716-c39f13015d29,jonathan larson,161
0001a57568309b287363e72dc682e9a170ba6dc2,e7ca167d-bb59-4ec0-959c-e98f34eaa1ba,wicked,155
0001a57568309b287363e72dc682e9a170ba6dc2,28f93e8a-43fa-4cfb-aea5-11252ff937ab,the verve pipe,151
0001a57568309b287363e72dc682e9a170ba6dc2,98eb6868-9f31-400e-90d8-9a46380c1bdd,missing persons,138
0001a57568309b287363e72dc682e9a170ba6dc2,8d1a348b-056b-4fd9-83d0-e1ed159b6287,the passions,134
0001a57568309b287363e72dc682e9a170ba6dc2,aff5ddd6-f315-4187-8522-25bf11a0f91e,ima robot,131
0001a57568309b287363e72dc682e9a170ba6dc2,b9b1efa6-8e01-4726-a9d5-0f96f5fd23d9,judith holofernes,130
0001a57568309b287363e72dc682e9a170ba6dc2,8538e728-ca0b-4321-b7e5-cff6565dd4c0,depeche mode,127
0001a57568309b287363e72dc682e9a170ba6dc2,83919ff7-a72d-4d94-b1c2-a84894504904,fake,127
0001a57568309b287363e72dc682e9a170ba6dc2,81435053-e1a2-48a4-adfd-e89f310c7b38,culture club,125
0001a57568309b287363e72dc682e9a170ba6dc2,9b048a76-b812-431e-8540-79a62bda5727,der plan,122
0001a57568309b287363e72dc682e9a170ba6dc2,2e41ae9c-afd2-4f20-8f1e-17281ce9b472,gwen stefani,122
0001a57568309b287363e72dc682e9a170ba6dc2,6bd7faa9-601f-44db-a2a6-239209f83156,dierks bentley,121
0001a57568309b287363e72dc682e9a170ba6dc2,0796f847-09ca-4526-b17e-44390dd536ba,heaven 17,118
0001a57568309b287363e72dc682e9a170ba6dc2,9df32318-47d5-4df7-bc68-3ed9e15eb0f6,the sundays,118
0001a57568309b287363e72dc682e9a170ba6dc2,3248ed2d-bada-41b5-a7b6-ac88faa1f1ac,dixie chicks,110
0001a57568309b287363e72dc682e9a170ba6dc2,faabb55d-3c9e-4c23-8779-732ac2ee2c0d,shania twain,106
0001a57568309b287363e72dc682e9a170ba6dc2,55cf7705-e0bc-4b70-8cba-b85544e2eac9,stacey q,106
0001a57568309b287363e72dc682e9a170ba6dc2,ef43cee7-13f5-4d10-844e-879aba3d8b19,camera obscura,103
0001a57568309b287363e72dc682e9a170ba6dc2,49d04262-6389-4f51-829e-d8fd1b8b80fa,deana carter,101
0001a57568309b287363e72dc682e9a170ba6dc2,28537bf2-22c5-4840-91fc-fcb98e8c7379,matt & kim,99
0001a57568309b287363e72dc682e9a170ba6dc2,323b0f97-bdd7-49ee-8b68-dfa7fe558e4d,steel train,95
0001a57568309b287363e72dc682e9a170ba6dc2,b1a7ac99-2ea9-4d3e-b17f-1cad379e46ae,dan fogelberg,91
0001a57568309b287363e72dc682e9a170ba6dc2,350bce49-c21b-4137-b50a-0766ded07e4d,taking back sunday,91
0001a57568309b287363e72dc682e9a170ba6dc2,0039c7ae-e1a7-4a7d-9b49-0cbc716821a6,death cab for cutie,90
0001a57568309b287363e72dc682e9a170ba6dc2,081b133e-ce74-42ba-92c1-c18234acb532,andrew bird,89
0001a57568309b287363e72dc682e9a170ba6dc2,d5b637f0-74b8-4df6-bddf-dc3784a6881a,jewel,87
0001a57568309b287363e72dc682e9a170ba6dc2,2f569e60-0a1b-4fb9-95a4-3dc1525d1aad,backstreet boys,85
0001a57568309b287363e72dc682e9a170ba6dc2,,haircut 100,83
0001a57568309b287363e72dc682e9a170ba6dc2,45a663b5-b1cb-4a91-bff6-2bef7bbfdd76,britney spears,80
0001a57568309b287363e72dc682e9a170ba6dc2,9076e489-009e-444d-859f-52daceb207a7,kristy lee,79
0001a57568309b287363e72dc682e9a170ba6dc2,9e0e2b01-41db-4008-bd8b-988977d6019a,the police,75
0001a57568309b287363e72dc682e9a170ba6dc2,299278d3-25dd-4f30-bae4-5b571c28034d,the postal service,75
0001a57568309b287363e72dc682e9a170ba6dc2,42f55e6a-7a8d-4e8f-bbc7-da411b41bd15,fefe dobson,73
0001a57568309b287363e72dc682e9a170ba6dc2,85d019b7-91f9-4b75-8560-d5bbe90c868c,julie roberts,73
0001a88a7092846abb1b70dbcced05f914976371,cbcbb22c-3a8d-46af-b4ba-09c98f0d7931,j dilla,124
0001a88a7092846abb1b70dbcced05f914976371,cfbc0924-0035-4d6c-8197-f024653af823,nas,114
0001a88a7092846abb1b70dbcced05f914976371,c0a1179b-b14a-4d68-a3c1-1fdab16ed602,common,100
0001a88a7092846abb1b70dbcced05f914976371,40d317e7-8d23-4e5b-84c0-fcdc0b5a922d,black milk,92
0001a88a7092846abb1b70dbcced05f914976371,39a973f2-0785-4ef6-90d9-551378864f89,pete rock,89
0001a88a7092846abb1b70dbcced05f914976371,f82bcf78-5b69-4622-a5ef-73800768d9ac,jay-z,81
0001a88a7092846abb1b70dbcced05f914976371,5f6ab597-f57a-40da-be9e-adad48708203,dr. dre,76
0001a88a7092846abb1b70dbcced05f914976371,995c1ef8-5a55-40dc-b87f-f4a0ee95650b,evidence,69
0001a88a7092846abb1b70dbcced05f914976371,164f0d73-1234-4e2c-8743-d77bf2191051,kanye west,63
0001a88a7092846abb1b70dbcced05f914976371,3b02795b-bd2c-4aac-8f6c-e581514cc2d8,dead prez,60
0001a88a7092846abb1b70dbcced05f914976371,be9303c8-d2e1-4e80-9c12-0ba31436c2c7,percee p,56
0001a88a7092846abb1b70dbcced05f914976371,470a4ced-1323-4c91-8fd5-0bb3fb4c932a,jeff mills,52
0001a88a7092846abb1b70dbcced05f914976371,94dbfe2e-ca48-4e08-a5a8-e1e74136c63d,method man,52
0001a88a7092846abb1b70dbcced05f914976371,efa2c11a-1a35-4b60-bc1b-66d37de88511,dj shadow,51
0001a88a7092846abb1b70dbcced05f914976371,1087a691-35da-4450-b6bd-5d18d4304b97,panacea,50
0001a88a7092846abb1b70dbcced05f914976371,382f1005-e9ab-4684-afd4-0bdae4ee37f2,2pac,48
0001a88a7092846abb1b70dbcced05f914976371,e1564e98-978b-4947-8698-f6fd6f8b0181,fort minor,47
0001a88a7092846abb1b70dbcced05f914976371,4e024037-14b7-4aea-99ad-c6ace63b9620,madvillain,46
0001a88a7092846abb1b70dbcced05f914976371,f467181e-d5e0-4285-b47e-e853dcc89ee7,ratatat,46
0001a88a7092846abb1b70dbcced05f914976371,bb3cbea2-5ad4-4917-bc84-8a1975d40315,talib kweli,45
0001a88a7092846abb1b70dbcced05f914976371,e32e0c8a-694f-49f4-844b-8ff5336f1b82,do or die,44
0001a88a7092846abb1b70dbcced05f914976371,ea9078ef-20ca-4506-81ea-2ae5fe3a42e8,madlib,40
0001a88a7092846abb1b70dbcced05f914976371,1a120ec5-35b3-4f3e-aa49-7201550d9feb,rjd2,40
0001a88a7092846abb1b70dbcced05f914976371,8e68819d-71be-4e7d-b41d-f1df81b01d3f,50 cent,36
0001a88a7092846abb1b70dbcced05f914976371,ba1f396f-eb2c-45bb-9949-973ca060fc86,abstract rude & tribe unique,36
0001a88a7092846abb1b70dbcced05f914976371,03f3deb7-0419-4bf9-a1e7-511946385717,the alchemist,36
0001a88a7092846abb1b70dbcced05f914976371,8247a3f2-3a8e-4256-b322-6c57b03a4e36,bill evans,35
0001a88a7092846abb1b70dbcced05f914976371,550cb78b-4995-4873-baea-76ef265531f5,gza/genius,35
0001a88a7092846abb1b70dbcced05f914976371,ac9a487a-d9d2-4f27-bb23-0f4686488345,lil wayne,32
0001a88a7092846abb1b70dbcced05f914976371,6c81c5d0-5159-4be8-b774-aa8397ed5a93,styles p,32
0001a88a7092846abb1b70dbcced05f914976371,805272a8-3191-4dc4-b8c0-28ceba2824ad,emc,31
0001a88a7092846abb1b70dbcced05f914976371,3b39abeb-0064-4eed-9ddd-ee47a45c54cb,ghostface,31
0001a88a7092846abb1b70dbcced05f914976371,3dfb71a2-2e06-4a69-8839-3e1fc07e92ea,k-os,31
0001a88a7092846abb1b70dbcced05f914976371,9ddce51c-2b75-4b3e-ac8c-1db09e7c89c6,burial,28
0001a88a7092846abb1b70dbcced05f914976371,66fce392-d89d-4eaa-a346-c50aa1021f00,dj vadim,28
0001a88a7092846abb1b70dbcced05f914976371,d9241f5b-721a-4e08-a25a-acd83ed878cc,el-p,28
0001a88a7092846abb1b70dbcced05f914976371,844c6761-d3ef-4aad-8619-5a910705af0f,big shug,27
0001a88a7092846abb1b70dbcced05f914976371,410dcd85-e0ef-454b-9da1-b2aa4f363e34,black spade,27
0001a88a7092846abb1b70dbcced05f914976371,b625448e-bf4a-41c3-a421-72ad46cdb831,john coltrane,27
0001a88a7092846abb1b70dbcced05f914976371,2996c6a2-215d-4f78-aed6-81a130b04816,prodigy,27
0001a88a7092846abb1b70dbcced05f914976371,8c9b336e-acc8-4e20-9195-6ed0634da9fc,the residents,27
0001a88a7092846abb1b70dbcced05f914976371,45e00f0f-f52b-4db8-a480-cf87b71c4800,roni size & reprazent,26
0001a88a7092846abb1b70dbcced05f914976371,,flying lotus - (www.influencias-urbanas.blogspot.com),25
0001a88a7092846abb1b70dbcced05f914976371,fca8cdfa-120d-49ec-b1da-0ff8aa90c3ab,the cool kids,24
0001a88a7092846abb1b70dbcced05f914976371,07cc14fb-4784-4a25-804b-2686ed5ef52c,the game,24
0001a88a7092846abb1b70dbcced05f914976371,1f1f6737-b930-46fc-8d25-110bb99f7490,redman,23
0001a88a7092846abb1b70dbcced05f914976371,29c28ac3-27c5-4822-8eb6-0af89a3a7240,rza,23
0001a88a7092846abb1b70dbcced05f914976371,92d37892-6186-4459-9cc1-f0dde57652d0,joan baez,22
0001bd96207f323b53652bf400702719ad456d3c,f8ce4811-bc08-4a32-81e0-a2345cdeacae,e-rotic,690
0001bd96207f323b53652bf400702719ad456d3c,e2c00c56-8365-4160-9f40-a64682917633,goo goo dolls,534
0001bd96207f323b53652bf400702719ad456d3c,d3fa206b-a8ff-4b53-a0e2-83aa19a40c66,apulanta,301
0001bd96207f323b53652bf400702719ad456d3c,9027d16b-cc0b-4ee4-a8b2-a2431aa807c0,chorale,248
0001bd96207f323b53652bf400702719ad456d3c,4dbf5678-7a31-406a-abbe-232f8ac2cd63,bryan adams,240
0001bd96207f323b53652bf400702719ad456d3c,a47c3aa2-7d87-475c-a2c7-1e2047dafb09,gnarls barkley,200
0001bd96207f323b53652bf400702719ad456d3c,d5b637f0-74b8-4df6-bddf-dc3784a6881a,jewel,194
0001bd96207f323b53652bf400702719ad456d3c,8eeecca3-3e44-4311-93e5-e67decfafc06,groove coverage,183
0001bd96207f323b53652bf400702719ad456d3c,f97b55a8-7d03-4ebe-a277-a9cadc2a9f86,september,172
0001bd96207f323b53652bf400702719ad456d3c,2386cd66-e923-4e8e-bf14-2eebe2e9b973,3 doors down,149
0001bd96207f323b53652bf400702719ad456d3c,dab66853-28c8-44c7-975e-0fc073b0a2fa,basic element,144
0001bd96207f323b53652bf400702719ad456d3c,45a663b5-b1cb-4a91-bff6-2bef7bbfdd76,britney spears,134
0001bd96207f323b53652bf400702719ad456d3c,2c1828a2-e46b-4ade-a6e9-065ca265d679,chris brown,131
0001bd96207f323b53652bf400702719ad456d3c,14387b0f-765c-4852-852f-135335790466,eels,130
0001bd96207f323b53652bf400702719ad456d3c,a5c6ba5e-b006-41d1-9243-619bafd30760,solid base,127
0001bd96207f323b53652bf400702719ad456d3c,078f98b2-3a90-4443-817b-440c7089b0c4,irwin goodman,121
0001bd96207f323b53652bf400702719ad456d3c,32a92586-6f9f-4882-b168-97fd60a99b6d,moby,104
0001bd96207f323b53652bf400702719ad456d3c,f0602f55-1770-483d-89bd-4bae0d0ac086,jennifer lopez,102
0001bd96207f323b53652bf400702719ad456d3c,90e8b39f-efa8-4b6d-b24e-c25bfe575328,don huonot,95
0001bd96207f323b53652bf400702719ad456d3c,2fa0d3ac-b64c-401a-b0a1-4915ba6cc157,hoobastank,88
0001bd96207f323b53652bf400702719ad456d3c,362b8733-7ef7-4fc7-a264-7fdf54ea4f88,stella,81
0001bd96207f323b53652bf400702719ad456d3c,1fda852b-92e9-4562-82fa-c52820a77b23,the pussycat dolls,78
0001bd96207f323b53652bf400702719ad456d3c,04af2581-6692-4f14-a7fe-151a36f20368,cascada,76
0001bd96207f323b53652bf400702719ad456d3c,75a72702-a5ef-4513-bca5-c5b944903546,john legend,74
0001bd96207f323b53652bf400702719ad456d3c,8ef1df30-ae4f-4dbd-9351-1a32b208a01e,alicia keys,70
0001bd96207f323b53652bf400702719ad456d3c,43f0a61f-5318-4929-93b8-4ded4a72cb16,kapasiteettiyksikkö,70
0001bd96207f323b53652bf400702719ad456d3c,319b1175-ced9-438f-986b-9239c3edd92d,sonata arctica,67
0001bd96207f323b53652bf400702719ad456d3c,197450cd-0124-4164-b723-3c22dd16494d,frank sinatra,64
0001bd96207f323b53652bf400702719ad456d3c,6e019bc6-5c23-4935-94f0-4a896631d846,jonas brothers,63
0001bd96207f323b53652bf400702719ad456d3c,968bc727-f182-4679-9302-37fde5adbd88,deep insight,59
0001bd96207f323b53652bf400702719ad456d3c,0ab49580-c84f-44d4-875f-d83760ea2cfe,maroon 5,59
0001bd96207f323b53652bf400702719ad456d3c,29eb4497-0bd8-4126-abdf-d8007326ee8b,the calling,59
0001bd96207f323b53652bf400702719ad456d3c,a66999a7-ae5c-460e-ba94-1a01143ae847,snow patrol,57
0001bd96207f323b53652bf400702719ad456d3c,,ambassadöör,55
0001bd96207f323b53652bf400702719ad456d3c,6783c9e0-8edb-4439-9d37-2cee377f0a49,cheek,55
0001bd96207f323b53652bf400702719ad456d3c,0fd3616c-36b2-44af-8b05-7d5675ed7267,darin,55
0001bd96207f323b53652bf400702719ad456d3c,94a6affa-30b1-4de7-baad-9e6c96908a87,antti tuisku,54
0001bd96207f323b53652bf400702719ad456d3c,3414d446-735a-443c-931f-10634f57e5b9,usher,54
0001bd96207f323b53652bf400702719ad456d3c,531ee00f-0b6d-4547-9324-d415bc579cab,finlanders,45
0001bd96207f323b53652bf400702719ad456d3c,2be8688e-abe5-472c-8128-b5b2df42fe71,sadetanssi,45
0001bd96207f323b53652bf400702719ad456d3c,f90e8b26-9e52-4669-a5c9-e28529c47894,snoop dogg,45
0001bd96207f323b53652bf400702719ad456d3c,1138a764-2212-4d0a-b02d-0dc14df91e08,akon,44
0001bd96207f323b53652bf400702719ad456d3c,d58c97aa-27ec-46a6-b632-31f54afbbe15,mamba,43
0001bd96207f323b53652bf400702719ad456d3c,1bd50cb2-09b8-4539-b660-af585cb3e40b,da buzz,42
0001bd96207f323b53652bf400702719ad456d3c,ba9f7b30-3fc7-4cb4-af39-5925f33b8f93,jessy,39
000215d3060a5b0ab7b3c415d49ec579100d4c87,12327d75-47d5-45d9-84c2-3760b9210c17,syd barrett,176
000215d3060a5b0ab7b3c415d49ec579100d4c87,65041e06-83d2-4987-ae52-c17a915fc82a,spiritualized,157
000215d3060a5b0ab7b3c415d49ec579100d4c87,1b5189d8-28fd-4c97-a04a-37c49b1ccfa6,the boo radleys,97
000215d3060a5b0ab7b3c415d49ec579100d4c87,381e8434-109a-439c-8acc-5d328359f2e0,the brian jonestown massacre,93
000215d3060a5b0ab7b3c415d49ec579100d4c87,a74b1b7f-71a5-4011-9441-d0b5e4122711,radiohead,81
000215d3060a5b0ab7b3c415d49ec579100d4c87,32b90c92-9978-4a07-90eb-caa4b22f4907,black rebel motorcycle club,78
000215d3060a5b0ab7b3c415d49ec579100d4c87,c9b00c4c-44ff-47be-9fc8-5764b45cc7a3,the duke spirit,52
000215d3060a5b0ab7b3c415d49ec579100d4c87,b5fa29f1-6c22-4321-a488-b5f363b06b06,the stone roses,50
000215d3060a5b0ab7b3c415d49ec579100d4c87,39c2a93d-9afa-4a22-9bba-c087ab056e1c,jefferson airplane,49
000215d3060a5b0ab7b3c415d49ec579100d4c87,49814f71-8fef-41ec-9af8-b6995c0bd601,the black angels,47
000215d3060a5b0ab7b3c415d49ec579100d4c87,eafd8e1c-bff2-4f34-8b53-0f1b64389a2a,graham bond organisation,42
000215d3060a5b0ab7b3c415d49ec579100d4c87,34ec9a8d-c65b-48fd-bcdd-aad2f72fdb47,love,33
000215d3060a5b0ab7b3c415d49ec579100d4c87,e6e688f7-7f7f-4b3e-9af6-926d97c03b53,the warlocks,31
000215d3060a5b0ab7b3c415d49ec579100d4c87,99fe4613-84ec-4f48-bb4f-f036880ed2ac,a place to bury strangers,30
000215d3060a5b0ab7b3c415d49ec579100d4c87,3212cbbd-7673-420b-a0c8-e7f702c72dd3,not from there,30
000215d3060a5b0ab7b3c415d49ec579100d4c87,cd4e08ae-4f84-462f-b0fc-fc198b744eb0,richard in your mind,30
000215d3060a5b0ab7b3c415d49ec579100d4c87,ed8d9e99-53c3-4e3a-beea-2cea49e1431a,king khan & the shrines,28
000215d3060a5b0ab7b3c415d49ec579100d4c87,2e6e390f-d8c7-4047-a078-ce67b9c80c28,the stairs,28
000215d3060a5b0ab7b3c415d49ec579100d4c87,4bcb4d0f-ae55-46e1-8853-d87a3a6b7507,the vera violets,28
000215d3060a5b0ab7b3c415d49ec579100d4c87,42687a2d-fe7b-4bc0-a441-12fcc4eb1a05,edgar 'jones' jones,27
000215d3060a5b0ab7b3c415d49ec579100d4c87,b071f9fa-14b0-4217-8e97-eb41da73f598,the rolling stones,26
000215d3060a5b0ab7b3c415d49ec579100d4c87,9499a0a3-61af-41a3-bbdf-9fdfda142778,film school,21
000215d3060a5b0ab7b3c415d49ec579100d4c87,8dcd04e4-7695-4d80-bae9-1d7d680a38ef,captain beefheart & his magic band,19
000215d3060a5b0ab7b3c415d49ec579100d4c87,8434409e-baa9-4e12-b4aa-566a91c7d7cf,the charlatans,19
000215d3060a5b0ab7b3c415d49ec579100d4c87,8016001a-c269-4697-a4cf-ef4139e1deff,kaleidoscope,17
000215d3060a5b0ab7b3c415d49ec579100d4c87,be407b02-f3e6-4ed5-9489-f8e5f0ab36dc,the raconteurs,17
000215d3060a5b0ab7b3c415d49ec579100d4c87,25c76eb2-a92d-4624-9e30-093fc16ed5eb,dungen,16
000215d3060a5b0ab7b3c415d49ec579100d4c87,94b0fb9d-a066-4823-b2ec-af1d324bcfcf,the velvet underground,16
000215d3060a5b0ab7b3c415d49ec579100d4c87,0428e118-88aa-47a7-8776-49d1a5c34e77,spindrift,15
000215d3060a5b0ab7b3c415d49ec579100d4c87,04da193a-a956-4940-a6ca-e6021c7861c2,the incredible string band,15
000215d3060a5b0ab7b3c415d49ec579100d4c87,d7a1107b-e430-4aec-9974-77537f33984a,flavor crystals,12
000215d3060a5b0ab7b3c415d49ec579100d4c87,b933c51b-e8ef-4403-99bc-3b650494d5ca,nico,12
000215d3060a5b0ab7b3c415d49ec579100d4c87,5f572b31-8fd9-45ae-9beb-358c98d839df,the dandy warhols,12
000215d3060a5b0ab7b3c415d49ec579100d4c87,cc433a77-176b-4d02-857b-2bfb68b3219c,asobi seksu,11
000215d3060a5b0ab7b3c415d49ec579100d4c87,f1df0431-9250-4ec8-95d8-f19ce7cf7fb6,stereolab,11
000215d3060a5b0ab7b3c415d49ec579100d4c87,437a0e49-c6ae-42f6-a6c1-84f25ed366bc,bon iver,10
000215d3060a5b0ab7b3c415d49ec579100d4c87,cc60d937-e80b-4c66-8aa2-e89cb57c8b08,fairport convention,10
000215d3060a5b0ab7b3c415d49ec579100d4c87,99ea432a-e3d8-42cb-9d5e-db316a6a8458,nick drake,10
000215d3060a5b0ab7b3c415d49ec579100d4c87,5193ce6b-a315-4c50-ae49-54e69ffbc988,soft machine,10
000215d3060a5b0ab7b3c415d49ec579100d4c87,1cc5adcd-1422-4b5c-a3cd-3ecd4f43f506,beck,9
000215d3060a5b0ab7b3c415d49ec579100d4c87,f6c37c3a-ca23-4110-9bbe-d4e4593cc3a3,the greenhornes,9
000215d3060a5b0ab7b3c415d49ec579100d4c87,664c3e0e-42d8-48c1-b209-1efca19c0325,the national,9
000215d3060a5b0ab7b3c415d49ec579100d4c87,4898b9ad-f564-4ff1-9046-b1a16dfd5200,black mountain,7
000215d3060a5b0ab7b3c415d49ec579100d4c87,490bde43-5edb-4a93-b3b3-7a0465fd8909,television,7
000215d3060a5b0ab7b3c415d49ec579100d4c87,e304fa8b-8de2-4089-b43b-bd24ca40800f,the telescopes,7
00024b5b85c40f990c28644d53257819980bf6bb,ef6e2e49-aa93-41bd-89b0-8c7d2f260a83,lostprophets,1137
00024b5b85c40f990c28644d53257819980bf6bb,62162215-b023-4f0e-84bd-1e9412d5b32c,all time low,609
00024b5b85c40f990c28644d53257819980bf6bb,55e8f56e-588d-4fbe-a718-7a2d47c12d2d,lucky boys confusion,585
00024b5b85c40f990c28644d53257819980bf6bb,ab74e46a-714d-4c2c-90e7-b0638c863917,amber pacific,567
00024b5b85c40f990c28644d53257819980bf6bb,c0a138e2-cef7-471b-8fbb-524e1076256a,four year strong,567
00024b5b85c40f990c28644d53257819980bf6bb,516cef4d-0718-4007-9939-f9b38af3f784,fall out boy,473
00024b5b85c40f990c28644d53257819980bf6bb,0743b15a-3c32-48c8-ad58-cb325350befa,blink-182,464
00024b5b85c40f990c28644d53257819980bf6bb,ef2d4a1c-195e-41f4-839e-bdfd3f85adc3,andrew w.k.,448
00024b5b85c40f990c28644d53257819980bf6bb,bc68928b-fbb5-4aac-baae-52ba49202372,the weakerthans,446
00024b5b85c40f990c28644d53257819980bf6bb,e3de1bee-95ad-4ef0-9b90-05a0140e0d6d,showoff,429
00024b5b85c40f990c28644d53257819980bf6bb,c2a44e93-3a2b-44aa-bd8b-7a71bb76e3b5,44,394
00024b5b85c40f990c28644d53257819980bf6bb,2119beb8-6ac5-4f21-82a4-b831c90c0024,damien rice,389
00024b5b85c40f990c28644d53257819980bf6bb,05071a7e-e71c-4306-a509-591cd3686893,angels & airwaves,379
00024b5b85c40f990c28644d53257819980bf6bb,c07f0676-9143-4217-8a9f-4c26bd636f13,my chemical romance,370
00024b5b85c40f990c28644d53257819980bf6bb,ff9deaae-da4f-42b7-a19e-36fedd3fc706,ben kweller,366
00024b5b85c40f990c28644d53257819980bf6bb,67f66c07-6e61-4026-ade5-7e782fad3a5d,foo fighters,366
00024b5b85c40f990c28644d53257819980bf6bb,b4946461-dacb-4aa9-a77c-7b3231317794,senses fail,361
00024b5b85c40f990c28644d53257819980bf6bb,c648509e-9916-4c56-ab63-652a03da16dd,anberlin,360
00024b5b85c40f990c28644d53257819980bf6bb,ff6e677f-91dd-4986-a174-8db0474b1799,jack johnson,351
00024b5b85c40f990c28644d53257819980bf6bb,637ebbf3-e4d1-44aa-a5d5-119ea7465bdf,moving mountains,351
00024b5b85c40f990c28644d53257819980bf6bb,c1caa91a-e902-4b02-80a5-853c9621302f,the wedding,340
00024b5b85c40f990c28644d53257819980bf6bb,dc21d171-7204-4759-9fd0-77d031aeb40c,frightened rabbit,335
00024b5b85c40f990c28644d53257819980bf6bb,0189c612-39a5-485d-8fc2-eca025b73861,cartel,334
00024b5b85c40f990c28644d53257819980bf6bb,47b8b42a-96e8-46fa-9ea6-70c5136ae971,saosin,320
00024b5b85c40f990c28644d53257819980bf6bb,03d8f83e-a647-4bde-968a-189c0f147783,set your goals,319
00024b5b85c40f990c28644d53257819980bf6bb,0039c7ae-e1a7-4a7d-9b49-0cbc716821a6,death cab for cutie,313
00024b5b85c40f990c28644d53257819980bf6bb,b9472588-93f3-4922-a1a2-74082cdf9ce8,panic at the disco,306
00024b5b85c40f990c28644d53257819980bf6bb,81b07a2a-cdf0-4c5e-a68c-8d910e1f0ea6,the format,296
00024b5b85c40f990c28644d53257819980bf6bb,0964ce63-5e4f-4d28-aa1b-aa9a44a8cab7,holiday parade,286
00024b5b85c40f990c28644d53257819980bf6bb,606bf117-494f-4864-891f-09d63ff6aa4b,rise against,278
00024b5b85c40f990c28644d53257819980bf6bb,164f0d73-1234-4e2c-8743-d77bf2191051,kanye west,274
00024b5b85c40f990c28644d53257819980bf6bb,95e1ead9-4d31-4808-a7ac-32c3614c116b,the killers,272
00024b5b85c40f990c28644d53257819980bf6bb,4c5779d6-06f3-4673-a663-62fc6e1636df,cauterize,271
00024b5b85c40f990c28644d53257819980bf6bb,17c1eba7-a642-4781-bb0a-2b515ba2e1c0,nizlopi,254
00024b5b85c40f990c28644d53257819980bf6bb,b0442f82-6322-4096-8535-b3bb776019d3,hit the lights,253
00024b5b85c40f990c28644d53257819980bf6bb,000d90ec-d64c-48a1-b775-e726fd240e9f,get cape. wear cape. fly,243
00024b5b85c40f990c28644d53257819980bf6bb,9fdd9163-9824-413e-91ad-d01e561b4078,the rocket summer,230
00024b5b85c40f990c28644d53257819980bf6bb,ea7abe0d-0f68-44a8-af09-72be592845d1,better luck next time,229
00024b5b85c40f990c28644d53257819980bf6bb,24e36781-1f4a-40af-bd18-c5de61f10c66,girl talk,229
00024b5b85c40f990c28644d53257819980bf6bb,e2c3c508-f0ab-49af-92c9-a81d66d67405,story of the year,223
00024b5b85c40f990c28644d53257819980bf6bb,24762087-34ce-4f65-b743-7d8402cf30dd,joshua radin,220
00024b5b85c40f990c28644d53257819980bf6bb,e988e802-3a7c-4f23-b17f-9aaa71d3c645,the frantic,219
00024b5b85c40f990c28644d53257819980bf6bb,144ef525-85e9-40c3-8335-02c32d0861f3,john mayer,212
00024b5b85c40f990c28644d53257819980bf6bb,f2eef649-a6d5-4114-afba-e50ab26254d2,sum 41,211
00024b5b85c40f990c28644d53257819980bf6bb,57805d77-f947-4851-b7fb-78baad154451,the ataris,203
00024b5b85c40f990c28644d53257819980bf6bb,01d3c51b-9b98-418a-8d8e-37f6fab59d8c,sufjan stevens,201
00024b5b85c40f990c28644d53257819980bf6bb,958c9a97-5bba-447a-b0c1-2cd4623eff73,sherwood,188
00026e8fc41980c9605eac741cd97b8216d2dbbd,985c709c-7771-4de3-9024-7bda29ebe3f9,norah jones,794
00026e8fc41980c9605eac741cd97b8216d2dbbd,cc197bad-dc9c-440d-a5b5-d52ba2e14234,coldplay,557
00026e8fc41980c9605eac741cd97b8216d2dbbd,8e74d54f-42f3-463c-8fa9-16f4fb0ec0a4,madredeus,550
00026e8fc41980c9605eac741cd97b8216d2dbbd,710fbcbb-5fea-4cee-978f-68d8a9b76149,așa,514
00026e8fc41980c9605eac741cd97b8216d2dbbd,f90575d1-abcb-42b3-ae32-1849312c26e6,carla bruni,433
00026e8fc41980c9605eac741cd97b8216d2dbbd,4dfadf48-e15b-4fc2-a800-2b68702a72d5,penguin cafe orchestra,412
00026e8fc41980c9605eac741cd97b8216d2dbbd,e3f9b643-d2c2-427e-ba20-60fea136093e,ravid goldschmidt,412
00026e8fc41980c9605eac741cd97b8216d2dbbd,f053ae01-dae6-4aae-9883-e8c279fdbef4,seal,408
00026e8fc41980c9605eac741cd97b8216d2dbbd,c496551d-fa60-44ab-881a-baf6d07be942,humanos,399
00026e8fc41980c9605eac741cd97b8216d2dbbd,12f2de9e-83d0-48ee-902b-c73d7a7cb6c9,xutos & pontapés,364
00026e8fc41980c9605eac741cd97b8216d2dbbd,05517043-ff78-4988-9c22-88c68588ebb9,paul simon,332
00026e8fc41980c9605eac741cd97b8216d2dbbd,c7020c6d-cae9-4db3-92a7-e5c561cbad50,keane,310
00026e8fc41980c9605eac741cd97b8216d2dbbd,eeb1195b-f213-4ce1-b28c-8565211f8e43,guns n' roses,276
00026e8fc41980c9605eac741cd97b8216d2dbbd,6e0c7c0e-cba5-4c2c-a652-38f71ef5785d,lily allen,271
00026e8fc41980c9605eac741cd97b8216d2dbbd,8027281d-79e4-4ddc-a8a7-6e6bf9254ad3,kid loco,260
00026e8fc41980c9605eac741cd97b8216d2dbbd,d80cfb78-51ee-446d-8b3d-578d50a7ce2e,pedro abrunhosa,254
00026e8fc41980c9605eac741cd97b8216d2dbbd,164f0d73-1234-4e2c-8743-d77bf2191051,kanye west,232
00026e8fc41980c9605eac741cd97b8216d2dbbd,f6f2326f-6b25-4170-b89d-e235b25508e8,sigur rós,210
00026e8fc41980c9605eac741cd97b8216d2dbbd,83d91898-7763-47d7-b03b-b92132375c47,pink floyd,207
00026e8fc41980c9605eac741cd97b8216d2dbbd,1ee18fb3-18a6-4c7f-8ba0-bc41cdd0462e,stevie wonder,197
00026e8fc41980c9605eac741cd97b8216d2dbbd,60530915-9371-4b16-bc31-5c4456317ae0,natalie imbruglia,183
00026e8fc41980c9605eac741cd97b8216d2dbbd,65f4f0c5-ef9e-490c-aee3-909e7ae6b2ab,metallica,163
00026e8fc41980c9605eac741cd97b8216d2dbbd,a505bb48-ad65-4af4-ae47-29149715bff9,thievery corporation,163
00026e8fc41980c9605eac741cd97b8216d2dbbd,ca891d65-d9b0-4258-89f7-e6ba29d83767,iron maiden,161
00026e8fc41980c9605eac741cd97b8216d2dbbd,6f607087-9c46-4bb2-a884-e4efc764554c,the streets,138
00026e8fc41980c9605eac741cd97b8216d2dbbd,9c9f1380-2516-4fc9-a3e6-f9f61941d090,muse,135
00026e8fc41980c9605eac741cd97b8216d2dbbd,0a61f71a-92e8-4d3e-adc0-e44469aba069,ratos de porão,134
00026e8fc41980c9605eac741cd97b8216d2dbbd,5fc21e44-d663-495a-b16a-7cc641af5deb,lady sovereign,131
00026e8fc41980c9605eac741cd97b8216d2dbbd,b15ebd71-a252-417d-9e1c-3e6863da68f8,faith no more,129
00026e8fc41980c9605eac741cd97b8216d2dbbd,7570a0dd-5a67-401b-b19a-261eee01a284,manu chao,124
00026e8fc41980c9605eac741cd97b8216d2dbbd,148ddea2-6839-4354-8e2c-5dfadf136b7f,tenacious d,120
00026e8fc41980c9605eac741cd97b8216d2dbbd,8538e728-ca0b-4321-b7e5-cff6565dd4c0,depeche mode,111
00026e8fc41980c9605eac741cd97b8216d2dbbd,596ffa74-3d08-44ef-b113-765d43d12738,justin timberlake,108
00026e8fc41980c9605eac741cd97b8216d2dbbd,084308bd-1654-436f-ba03-df6697104e19,green day,106
00026e8fc41980c9605eac741cd97b8216d2dbbd,a66999a7-ae5c-460e-ba94-1a01143ae847,snow patrol,105
00026e8fc41980c9605eac741cd97b8216d2dbbd,28503ab7-8bf2-4666-a7bd-2644bfc7cb1d,dream theater,103
00026e8fc41980c9605eac741cd97b8216d2dbbd,a3cb23fc-acd3-4ce0-8f36-1e5aa6a18432,u2,102
00026e8fc41980c9605eac741cd97b8216d2dbbd,f82bcf78-5b69-4622-a5ef-73800768d9ac,jay-z,100
00026e8fc41980c9605eac741cd97b8216d2dbbd,057aa66c-cf6e-499d-bda8-5adc47ad4197,fantômas,94
00026e8fc41980c9605eac741cd97b8216d2dbbd,a63df8c3-28e4-41db-bac2-c6c6e8ff8f28,type o negative,91
00026e8fc41980c9605eac741cd97b8216d2dbbd,83b9cbe7-9857-49e2-ab8e-b57b01038103,pearl jam,90
00026e8fc41980c9605eac741cd97b8216d2dbbd,,cali lewis,89
00026e8fc41980c9605eac741cd97b8216d2dbbd,4e8d6561-5821-45d7-9d7e-ca4d9b35b1a8,the commitments,89
00026e8fc41980c9605eac741cd97b8216d2dbbd,0383dadf-2a4e-4d10-a46a-e9e041da8eb3,queen,88
000294c1f0d9b40067487457ca31f0caab81d44a,153c9281-268f-4cf3-8938-f5a4593e5df4,soundgarden,784
000294c1f0d9b40067487457ca31f0caab81d44a,8c32bb01-58a3-453b-8050-8c0620edb0e5,stone temple pilots,606
000294c1f0d9b40067487457ca31f0caab81d44a,b5179744-f217-4455-9d8b-17b8d4fdeb93,buckethead,599
000294c1f0d9b40067487457ca31f0caab81d44a,28503ab7-8bf2-4666-a7bd-2644bfc7cb1d,dream theater,417
000294c1f0d9b40067487457ca31f0caab81d44a,4bd95eea-b9f6-4d70-a36c-cfea77431553,alice in chains,411
000294c1f0d9b40067487457ca31f0caab81d44a,a63df8c3-28e4-41db-bac2-c6c6e8ff8f28,type o negative,391
000294c1f0d9b40067487457ca31f0caab81d44a,8846e4ff-0c19-4af2-872b-7a8dc7497f68,the cult,354
000294c1f0d9b40067487457ca31f0caab81d44a,83d91898-7763-47d7-b03b-b92132375c47,pink floyd,308
000294c1f0d9b40067487457ca31f0caab81d44a,534ee493-bfac-4575-a44a-0ae41e2c3fe4,rush,297
000294c1f0d9b40067487457ca31f0caab81d44a,b38225b8-8e5f-42aa-bcdc-7bae5b5bdab3,king crimson,219
000294c1f0d9b40067487457ca31f0caab81d44a,94b7a39b-f3cc-4796-90dd-b1786a62877e,camel,206
000294c1f0d9b40067487457ca31f0caab81d44a,66c662b6-6e2f-4930-8610-912e24c63ed1,ac/dc,184
000294c1f0d9b40067487457ca31f0caab81d44a,39e1e020-2790-4ce6-83ca-f3a931926bd6,amplifier,175
000294c1f0d9b40067487457ca31f0caab81d44a,f1548c5b-329e-4036-921c-02213a04b525,uriah heep,168
000294c1f0d9b40067487457ca31f0caab81d44a,56516113-3373-47e4-acfb-a14846730f08,the answer,164
000294c1f0d9b40067487457ca31f0caab81d44a,c1d4f2ba-cf39-460c-9528-6b827d3417a1,yes,150
000294c1f0d9b40067487457ca31f0caab81d44a,66fc5bf8-daa4-4241-b378-9bc9077939d2,tool,139
000294c1f0d9b40067487457ca31f0caab81d44a,4bb4e4e4-5f66-4509-98af-62dbb90c45c5,disturbed,121
000294c1f0d9b40067487457ca31f0caab81d44a,39ab1aed-75e0-4140-bd47-540276886b60,oasis,118
000294c1f0d9b40067487457ca31f0caab81d44a,ece57992-dc2e-4f67-a269-fa43626c1a3d,jethro tull,111
000294c1f0d9b40067487457ca31f0caab81d44a,169c4c28-858e-497b-81a4-8bc15e0026ea,porcupine tree,100
000294c1f0d9b40067487457ca31f0caab81d44a,020bfbb4-05c3-4c86-b372-17825c262094,audioslave,75
000294c1f0d9b40067487457ca31f0caab81d44a,c7423e0c-ab3e-4ab4-be10-cdff5a9d3062,blue Öyster cult,74
000294c1f0d9b40067487457ca31f0caab81d44a,bc641be9-ca36-4c61-9394-5230433f6646,liquid tension experiment,74
000294c1f0d9b40067487457ca31f0caab81d44a,e491fae8-3a5a-438e-8368-925753fb41a1,ted nugent,72
000294c1f0d9b40067487457ca31f0caab81d44a,f0c8f75f-8736-4b1d-b312-9349fcff321d,wolfmother,67
000294c1f0d9b40067487457ca31f0caab81d44a,ad996aef-cc1c-42ac-af5c-619c370f4b8a,"emerson, lake & palmer",65
000294c1f0d9b40067487457ca31f0caab81d44a,3d2b98e5-556f-4451-a3ff-c50ea18d57cb,aerosmith,64
000294c1f0d9b40067487457ca31f0caab81d44a,ecbd32c4-d4f4-4534-b8ec-1ecaf62dcad5,iommi,60
000294c1f0d9b40067487457ca31f0caab81d44a,83b9cbe7-9857-49e2-ab8e-b57b01038103,pearl jam,60
000294c1f0d9b40067487457ca31f0caab81d44a,c09c8263-40ef-4352-8031-e438b1ce68fc,frankie goes to hollywood,48
000294c1f0d9b40067487457ca31f0caab81d44a,c827b8a7-0372-4711-9777-532b387e834b,ufo,40
000294c1f0d9b40067487457ca31f0caab81d44a,10c8a5ad-4329-475a-a550-ff3c9cf19599,days of the new,35
000294c1f0d9b40067487457ca31f0caab81d44a,82dd3f5d-4c36-4dbe-981d-6845c91445f8,caravan,30
000294c1f0d9b40067487457ca31f0caab81d44a,d4d17620-fd97-4574-92a8-a2cb7e72ce42,the verve,29
000294c1f0d9b40067487457ca31f0caab81d44a,b2d122f9-eadb-4930-a196-8f221eeb0c66,rammstein,28
000294c1f0d9b40067487457ca31f0caab81d44a,406f1b42-0c9e-4427-aeb7-02f78e188ec4,wishbone ash,26
000294c1f0d9b40067487457ca31f0caab81d44a,678d88b2-87b0-403b-b63d-5da7465aecc3,led zeppelin,24
000294c1f0d9b40067487457ca31f0caab81d44a,148ddea2-6839-4354-8e2c-5dfadf136b7f,tenacious d,22
000294c1f0d9b40067487457ca31f0caab81d44a,20883363-1ea4-4d72-ad72-c0e767038f3e,the mars volta,20
000294c1f0d9b40067487457ca31f0caab81d44a,774666d2-2064-4d6c-856c-f8cda0aaf9f0,the moody blues,17
000294c1f0d9b40067487457ca31f0caab81d44a,e1fae725-6396-4ea7-a047-03ef4d4502a1,jordan rudess,16
000294c1f0d9b40067487457ca31f0caab81d44a,8456e9f7-debf-4579-a86c-33a325a35d2d,chevelle,15
000294c1f0d9b40067487457ca31f0caab81d44a,04cd0cfd-bfd1-4c36-bc38-95c35e2c045f,cream,15
000294c1f0d9b40067487457ca31f0caab81d44a,9c9f1380-2516-4fc9-a3e6-f9f61941d090,muse,12
000294c1f0d9b40067487457ca31f0caab81d44a,d135874d-9cae-4fef-97e3-36acbd9f5a26,patti smith,12
000294c1f0d9b40067487457ca31f0caab81d44a,bc710bcf-8815-42cf-bad2-3f1d12246aeb,nickelback,10
000294c1f0d9b40067487457ca31f0caab81d44a,b15ebd71-a252-417d-9e1c-3e6863da68f8,faith no more,9
000294c1f0d9b40067487457ca31f0caab81d44a,a81259a0-a2f5-464b-866e-71220f2739f1,zz top,9
000294c1f0d9b40067487457ca31f0caab81d44a,c14b4180-dc87-481e-b17a-64e4150f90f6,opeth,8
00029d80b8af94f2d5e3349ceb28b7304f80c1c4,b7ffd2af-418f-4be2-bdd1-22f8b48613da,nine inch nails,11092
00029d80b8af94f2d5e3349ceb28b7304f80c1c4,8ca01f46-53ac-4af2-8516-55a909c0905e,my bloody valentine,1671
00029d80b8af94f2d5e3349ceb28b7304f80c1c4,e795e03d-b5d5-4a5f-834d-162cfb308a2c,pj harvey,1603
00029d80b8af94f2d5e3349ceb28b7304f80c1c4,69ee3720-a7cb-4402-b48d-a02c366f2bcf,the cure,1588
00029d80b8af94f2d5e3349ceb28b7304f80c1c4,90cc2464-234e-4da0-b39b-576f36e633bc,antony and the johnsons,1039
00029d80b8af94f2d5e3349ceb28b7304f80c1c4,172e1f1a-504d-4488-b053-6344ba63e6d0,nick cave and the bad seeds,816
00029d80b8af94f2d5e3349ceb28b7304f80c1c4,e938a15c-b17e-4e7a-9f68-ff0d536cab44,the jesus and mary chain,604
00029d80b8af94f2d5e3349ceb28b7304f80c1c4,381e8434-109a-439c-8acc-5d328359f2e0,the brian jonestown massacre,564
00029d80b8af94f2d5e3349ceb28b7304f80c1c4,553d8166-27b0-49fe-b8e4-89a984e2c375,the sisters of mercy,487
00029d80b8af94f2d5e3349ceb28b7304f80c1c4,5441c29d-3602-4898-b1a1-b77fa23b8e50,david bowie,461
00029d80b8af94f2d5e3349ceb28b7304f80c1c4,078a9376-3c04-4280-b7d7-b20e158f345d,a perfect circle,449
00029d80b8af94f2d5e3349ceb28b7304f80c1c4,94b0fb9d-a066-4823-b2ec-af1d324bcfcf,the velvet underground,423
00029d80b8af94f2d5e3349ceb28b7304f80c1c4,11ae9fbb-f3d7-4a47-936f-4c0a04d3b3b5,the white stripes,349
00029d80b8af94f2d5e3349ceb28b7304f80c1c4,107c7983-0728-46ea-8550-77e698adf690,the dresden dolls,281
00029d80b8af94f2d5e3349ceb28b7304f80c1c4,b071f9fa-14b0-4217-8e97-eb41da73f598,the rolling stones,279
00029d80b8af94f2d5e3349ceb28b7304f80c1c4,77cceea7-91bb-4a4c-ae41-bc9c46c1ccb5,nouvelle vague,272
00029d80b8af94f2d5e3349ceb28b7304f80c1c4,ca891d65-d9b0-4258-89f7-e6ba29d83767,iron maiden,264
00029d80b8af94f2d5e3349ceb28b7304f80c1c4,678d88b2-87b0-403b-b63d-5da7465aecc3,led zeppelin,254
00029d80b8af94f2d5e3349ceb28b7304f80c1c4,65314b12-0e08-43fa-ba33-baaa7b874c15,leonard cohen,227
00029d80b8af94f2d5e3349ceb28b7304f80c1c4,ae5077a5-bbcc-4195-b2a4-bd7cd4712f5a,rowland s. howard,224
00029d80b8af94f2d5e3349ceb28b7304f80c1c4,109958eb-a335-4c5e-907e-597ff4c6af46,creedence clearwater revival,211
00029d80b8af94f2d5e3349ceb28b7304f80c1c4,29e7a565-5ae6-4bed-9fa5-7f9a74d5f2e3,goon moon,199
00029d80b8af94f2d5e3349ceb28b7304f80c1c4,f6f2326f-6b25-4170-b89d-e235b25508e8,sigur rós,191
00029d80b8af94f2d5e3349ceb28b7304f80c1c4,611f1230-7c2b-4610-b9e6-5a4fcb6e3cc7,grinderman,164
00029d80b8af94f2d5e3349ceb28b7304f80c1c4,6cb79cb2-9087-44d4-828b-5c6fdff2c957,gary numan,156
00029d80b8af94f2d5e3349ceb28b7304f80c1c4,a16371b9-7d36-497a-a9d4-42b0a0440c5e,slowdive,154
00029d80b8af94f2d5e3349ceb28b7304f80c1c4,5a7a3629-e608-4fce-887a-a9028eef1c72,the boys next door,124
00029d80b8af94f2d5e3349ceb28b7304f80c1c4,0af78501-5647-4c18-9a0d-66ac8789e13b,beirut,121
00029d80b8af94f2d5e3349ceb28b7304f80c1c4,9a58fda3-f4ed-4080-a3a5-f457aac9fcdd,joy division,116
00029d80b8af94f2d5e3349ceb28b7304f80c1c4,66fc5bf8-daa4-4241-b378-9bc9077939d2,tool,111
00029d80b8af94f2d5e3349ceb28b7304f80c1c4,d135874d-9cae-4fef-97e3-36acbd9f5a26,patti smith,101
00029d80b8af94f2d5e3349ceb28b7304f80c1c4,fc015f11-be38-4b7d-b3e8-5d809242ecec,clint mansell,100
00029d80b8af94f2d5e3349ceb28b7304f80c1c4,381178df-339f-447a-a68b-e4ef306b3da1,inkubus sukkubus,100
00029d80b8af94f2d5e3349ceb28b7304f80c1c4,40f5d9e4-2de7-4f2d-ad41-e31a9a9fea27,the smiths,96
00029d80b8af94f2d5e3349ceb28b7304f80c1c4,05755bf1-380c-487f-983f-d1a02401fa28,cat power,91
00029d80b8af94f2d5e3349ceb28b7304f80c1c4,c71b2cc1-2737-4f76-bbf2-9ee505b4d90d,nick cave & warren ellis,89
00029d80b8af94f2d5e3349ceb28b7304f80c1c4,c0c5d33a-eb89-4ab0-a26a-c2b9bd3eb501,anita lane,85
00029d80b8af94f2d5e3349ceb28b7304f80c1c4,0688add2-c282-4ee2-ba61-223ffdb3c201,bauhaus,83
00029d80b8af94f2d5e3349ceb28b7304f80c1c4,93560313-3950-43b9-ac4f-7ea3b4e79e60,amiina,75
00029d80b8af94f2d5e3349ceb28b7304f80c1c4,92d8973c-eb9b-459d-8ab1-30f47bfad9e0,bajaga,74
00029d80b8af94f2d5e3349ceb28b7304f80c1c4,03ad1736-b7c9-412a-b442-82536d63a5c4,elliott smith,73
00029d80b8af94f2d5e3349ceb28b7304f80c1c4,b23e8a63-8f47-4882-b55b-df2c92ef400e,interpol,70
00029d80b8af94f2d5e3349ceb28b7304f80c1c4,ba1384a7-8b0e-4ea6-bf0c-f1ec17a06d14,the 69 eyes,69
00029d80b8af94f2d5e3349ceb28b7304f80c1c4,5f572b31-8fd9-45ae-9beb-358c98d839df,the dandy warhols,68
00029d80b8af94f2d5e3349ceb28b7304f80c1c4,6e9ac29b-798c-4af7-8d9e-55cdc72a999c,einstürzende neubauten,67
00029d80b8af94f2d5e3349ceb28b7304f80c1c4,2a09f8e7-1138-4030-96a3-fddfdf82127b,christian death,65
00029d80b8af94f2d5e3349ceb28b7304f80c1c4,794c6bf2-3241-416f-9b8f-24e2d84a1c4b,the stooges,65
00029d80b8af94f2d5e3349ceb28b7304f80c1c4,83d91898-7763-47d7-b03b-b92132375c47,pink floyd,63
00029d80b8af94f2d5e3349ceb28b7304f80c1c4,f37b3f31-b1f8-4b88-8cb5-b34f709b17d7,iggy pop,62
0002dd2154072434d26e5409faa591bfb260a01e,ed114045-8462-4b49-89ae-527fa2544a2b,grave digger,1958
0002dd2154072434d26e5409faa591bfb260a01e,6b335658-22c8-485d-93de-0bc29a1d0349,judas priest,1861
0002dd2154072434d26e5409faa591bfb260a01e,ad73761f-c66d-4149-899d-21f56d1969a1,running wild,1766
0002dd2154072434d26e5409faa591bfb260a01e,32567eb3-aeca-467f-8b89-a69b11fcb781,primal fear,1528
0002dd2154072434d26e5409faa591bfb260a01e,091217c3-f90c-48da-9b42-eaa0aeaddcca,paragon,1201
0002dd2154072434d26e5409faa591bfb260a01e,5b687684-ad34-4a9f-b425-0e7aa81fbd38,amon amarth,1044
0002dd2154072434d26e5409faa591bfb260a01e,8a0e10a9-80c7-40e0-bf5b-89f1d57f9537,iced earth,1036
0002dd2154072434d26e5409faa591bfb260a01e,298909e4-ebcb-47b8-95e9-cc53b087fc65,lamb of god,1033
0002dd2154072434d26e5409faa591bfb260a01e,3fef3bbc-53eb-46f8-8679-980d0c943c34,u.d.o.,1018
0002dd2154072434d26e5409faa591bfb260a01e,e631bb92-3e2b-43e3-a2cb-b605e2fb53bd,arch enemy,953
0002dd2154072434d26e5409faa591bfb260a01e,c30ebe30-514f-4e6d-823a-19adf0225a56,annihilator,936
0002dd2154072434d26e5409faa591bfb260a01e,18e9bfd5-db23-4bc1-be0f-5710e5d656e4,exodus,874
0002dd2154072434d26e5409faa591bfb260a01e,0fa1e771-9aa6-49fe-82b7-d5ea09f33519,exciter,796
0002dd2154072434d26e5409faa591bfb260a01e,584b72a4-45f7-46ce-b440-e9ee579d71c4,strapping young lad,720
0002dd2154072434d26e5409faa591bfb260a01e,39822e8d-f24e-4f07-b51b-28b22e59fbdb,kreator,686
0002dd2154072434d26e5409faa591bfb260a01e,f57e14e4-b030-467c-b202-539453f504ec,children of bodom,662
0002dd2154072434d26e5409faa591bfb260a01e,3762cf03-0992-4d9b-a50e-8ae2e1cc5522,rebellion,649
0002dd2154072434d26e5409faa591bfb260a01e,ca891d65-d9b0-4258-89f7-e6ba29d83767,iron maiden,627
0002dd2154072434d26e5409faa591bfb260a01e,39a31de6-763d-48b6-a45c-f7cfad58ffd8,sabaton,620
0002dd2154072434d26e5409faa591bfb260a01e,765774a0-2060-469b-8b7d-612eea48579b,helloween,601
0002dd2154072434d26e5409faa591bfb260a01e,56806de5-eeed-4081-9475-d585dc049081,iron savior,601
0002dd2154072434d26e5409faa591bfb260a01e,41f4d85a-0bd7-4602-a3e3-8c47f36efb0a,accept,600
0002dd2154072434d26e5409faa591bfb260a01e,ba85753c-671a-409e-b813-1e3be41e2a2e,3 inches of blood,596
0002dd2154072434d26e5409faa591bfb260a01e,5a732686-71d3-486d-b076-cae027a2f057,jag panzer,574
0002dd2154072434d26e5409faa591bfb260a01e,bc5e2ad6-0a4a-4d90-b911-e9a7e6861727,mastodon,571
0002dd2154072434d26e5409faa591bfb260a01e,21d905cf-5ae0-4603-b00e-b81783c9beb4,steel attack,551
0002dd2154072434d26e5409faa591bfb260a01e,9661a587-fdb1-461d-abde-f6280acbde6b,daath,540
0002dd2154072434d26e5409faa591bfb260a01e,09830e79-cc8d-422f-ae25-6efde4320b73,metal church,533
0002dd2154072434d26e5409faa591bfb260a01e,541f16f5-ad7a-428e-af89-9fa1b16d3c9c,pantera,529
0002dd2154072434d26e5409faa591bfb260a01e,00eeed6b-5897-4359-8347-b8cd28375331,manowar,524
0002dd2154072434d26e5409faa591bfb260a01e,1c5efd53-d6b6-4d63-9d22-a15025cf5f07,gojira,521
0002dd2154072434d26e5409faa591bfb260a01e,1aded574-9e16-4648-861a-24fd6f1c309e,devildriver,496
0002dd2154072434d26e5409faa591bfb260a01e,bdacc37b-8633-4bf8-9dd5-4662ee651aec,slayer,477
0002dd2154072434d26e5409faa591bfb260a01e,bfef61c6-53c0-4a12-9a42-1411111e7402,decapitated,468
0002dd2154072434d26e5409faa591bfb260a01e,abf5f674-dbad-4219-b3ad-dbd6fb163c8e,hammerfall,447
0002dd2154072434d26e5409faa591bfb260a01e,8d0acf0e-c099-49ac-b4b3-d57ca9eb2561,the ocean,441
0002dd2154072434d26e5409faa591bfb260a01e,40b7efb7-1268-4a80-b354-600afdcbe9e2,hatebreed,430
0002dd2154072434d26e5409faa591bfb260a01e,59183a0a-0404-4391-9284-f2f43b5ea373,mortification,430
0002dd2154072434d26e5409faa591bfb260a01e,9b96dcab-ed89-42f4-9863-ca5ec473860e,halford,424
0002dd2154072434d26e5409faa591bfb260a01e,31745282-b1ea-4d62-939f-226b14d68e7c,in flames,424
0002dd2154072434d26e5409faa591bfb260a01e,cf8b3b8c-118e-4136-8d1d-c37091173413,meshuggah,417
0002dd2154072434d26e5409faa591bfb260a01e,14962b84-c46a-490b-b6a0-ee69c78b2291,finntroll,416
0002dd2154072434d26e5409faa591bfb260a01e,8766cdd6-066c-4b14-ba53-c7958e613bad,gamma ray,415
0002dd2154072434d26e5409faa591bfb260a01e,86eec3ef-e004-453c-addd-bd6d0d9cb25e,stormwarrior,413
0002dd2154072434d26e5409faa591bfb260a01e,e61ce7e2-f78d-4fee-ac56-ef1a784c87fa,fight,403
0002dd2154072434d26e5409faa591bfb260a01e,360c3994-f206-4b5b-8357-d599322d7fc3,vicious rumors,401
0002dd2154072434d26e5409faa591bfb260a01e,8097243f-7a3d-435a-a11e-0c5f886528e0,dream evil,398
0002dd2154072434d26e5409faa591bfb260a01e,251b5564-6dcf-4299-b1a3-921885bdaf88,necrophagist,395
0002dd2154072434d26e5409faa591bfb260a01e,2a90aa9c-d2ff-49fd-a8e5-2463f657eb45,rage,395
0002dd2154072434d26e5409faa591bfb260a01e,6957cd9c-6542-4021-8cff-d5e788266047,morgana lefay,392
0002fa6e25794597126fa44529105cedb31a75aa,b755836a-0cb6-4577-a678-55a5a6402d70,chiodos,8
0002fa6e25794597126fa44529105cedb31a75aa,d78def22-ed9c-44c0-89c7-c198a4c15e05,black tequila,6
0002fa6e25794597126fa44529105cedb31a75aa,7b2f87f6-db90-464e-a27a-deb4f7219e90,dredg,6
0002fa6e25794597126fa44529105cedb31a75aa,d8354b38-e942-4c89-ba93-29323432abc3,30 seconds to mars,5
0002fa6e25794597126fa44529105cedb31a75aa,ba147ea0-60c4-4a40-9da6-0d5c2b2e7b03,as i lay dying,5
0002fa6e25794597126fa44529105cedb31a75aa,8d79e950-1333-4a32-9fc1-af53d421abc4,a static lullaby,5
0002fa6e25794597126fa44529105cedb31a75aa,fd429857-5ace-4609-ae54-1502c3bdac11,billy talent,5
0002fa6e25794597126fa44529105cedb31a75aa,ba8fe46e-af81-4fcd-8581-59d6920d5d55,bosse,5
0002fa6e25794597126fa44529105cedb31a75aa,d530dbf9-69b1-404f-98f2-0431104f5a1e,bullet for my valentine,5
