<?xml version="1.0" encoding="UTF-8"?>
<project xmlns="http://maven.apache.org/POM/4.0.0" xmlns:xsi="http://www.w3.org/2001/XMLSchema-instance" xsi:schemaLocation="http://maven.apache.org/POM/4.0.0 http://maven.apache.org/maven-v4_0_0.xsd">
  <modelVersion>4.0.0</modelVersion>
  <groupId>upgrd</groupId>
  <artifactId>flink-java-tutorial</artifactId>
  <name>Flink Quickstart Job</name>
  <version>1.0-SNAPSHOT</version>
  <build>
    <pluginManagement>
      <plugins>
        <plugin>
          <groupId>org.eclipse.m2e</groupId>
          <artifactId>lifecycle-mapping</artifactId>
          <version>1.0.0</version>
          <configuration>
            <lifecycleMappingMetadata>
              <pluginExecutions>
                <pluginExecution>
                  <pluginExecutionFilter>
                    <groupId>org.apache.maven.plugins</groupId>
                    <artifactId>maven-shade-plugin</artifactId>
                    <versionRange>[3.1.1,)</versionRange>
                    <goals>
                      <goal>shade</goal>
                    </goals>
                  </pluginExecutionFilter>
                  <action>
                    <ignore />
                  </action>
                </pluginExecution>
                <pluginExecution>
                  <pluginExecutionFilter>
                    <groupId>org.apache.maven.plugins</groupId>
                    <artifactId>maven-compiler-plugin</artifactId>
                    <versionRange>[3.1,)</versionRange>
                    <goals>
                      <goal>testCompile</goal>
                      <goal>compile</goal>
                    </goals>
                  </pluginExecutionFilter>
                  <action>
                    <ignore />
                  </action>
                </pluginExecution>
              </pluginExecutions>
            </lifecycleMappingMetadata>
          </configuration>
        </plugin>
      </plugins>
    </pluginManagement>
    <plugins>
      <plugin>
        <artifactId>maven-compiler-plugin</artifactId>
        <version>3.1</version>
        <configuration>
          <source>${java.version}</source>
          <target>${java.version}</target>
        </configuration>
      </plugin>
      <plugin>
        <artifactId>maven-shade-plugin</artifactId>
        <version>3.1.1</version>
        <executions>
          <execution>
            <phase>package</phase>
            <goals>
              <goal>shade</goal>
            </goals>
            <configuration>
              <artifactSet>
                <excludes>
                  <exclude>org.apache.flink:force-shading</exclude>
                  <exclude>com.google.code.findbugs:jsr305</exclude>
                  <exclude>org.slf4j:*</exclude>
                  <exclude>org.apache.logging.log4j:*</exclude>
                </excludes>
              </artifactSet>
              <filters>
                <filter>
                  <artifact>*:*</artifact>
                  <excludes>
                    <exclude>META-INF/*.SF</exclude>
                    <exclude>META-INF/*.DSA</exclude>
                    <exclude>META-INF/*.RSA</exclude>
                  </excludes>
                </filter>
              </filters>
              <transformers>
                <transformer>
                  <mainClass>upgrd.StreamingEmailChecker</mainClass>
                </transformer>
              </transformers>
            </configuration>
          </execution>
        </executions>
      </plugin>
    </plugins>
  </build>
  <repositories>
    <repository>
      <releases>
        <enabled>false</enabled>
      </releases>
      <snapshots />
      <id>apache.snapshots</id>
      <name>Apache Development Snapshot Repository</name>
      <url>https://repository.apache.org/content/repositories/snapshots/</url>
    </repository>
  </repositories>
  <dependencies>
    <dependency>
      <groupId>org.apache.flink</groupId>
      <artifactId>flink-java</artifactId>
      <version>1.11.0</version>
      <scope>provided</scope>
      <exclusions>
        <exclusion>
          <artifactId>flink-core</artifactId>
          <groupId>org.apache.flink</groupId>
        </exclusion>
        <exclusion>
          <artifactId>commons-lang3</artifactId>
          <groupId>org.apache.commons</groupId>
        </exclusion>
        <exclusion>
          <artifactId>commons-math3</artifactId>
          <groupId>org.apache.commons</groupId>
        </exclusion>
        <exclusion>
          <artifactId>jsr305</artifactId>
          <groupId>com.google.code.findbugs</groupId>
        </exclusion>
      </exclusions>
    </dependency>
    <dependency>
      <groupId>org.apache.flink</groupId>
      <artifactId>flink-streaming-java_2.11</artifactId>
      <version>1.11.0</version>
      <scope>provided</scope>
      <exclusions>
        <exclusion>
          <artifactId>flink-runtime_2.11</artifactId>
          <groupId>org.apache.flink</groupId>
        </exclusion>
        <exclusion>
          <artifactId>flink-shaded-guava</artifactId>
          <groupId>org.apache.flink</groupId>
        </exclusion>
        <exclusion>
          <artifactId>flink-core</artifactId>
          <groupId>org.apache.flink</groupId>
        </exclusion>
        <exclusion>
          <artifactId>commons-math3</artifactId>
          <groupId>org.apache.commons</groupId>
        </exclusion>
        <exclusion>
          <artifactId>jsr305</artifactId>
          <groupId>com.google.code.findbugs</groupId>
        </exclusion>
      </exclusions>
    </dependency>
    <dependency>
      <groupId>org.apache.flink</groupId>
      <artifactId>flink-clients_2.11</artifactId>
      <version>1.11.0</version>
      <scope>provided</scope>
      <exclusions>
        <exclusion>
          <artifactId>flink-optimizer_2.11</artifactId>
          <groupId>org.apache.flink</groupId>
        </exclusion>
        <exclusion>
          <artifactId>commons-cli</artifactId>
          <groupId>commons-cli</groupId>
        </exclusion>
        <exclusion>
          <artifactId>flink-runtime_2.11</artifactId>
          <groupId>org.apache.flink</groupId>
        </exclusion>
        <exclusion>
          <artifactId>flink-core</artifactId>
          <groupId>org.apache.flink</groupId>
        </exclusion>
        <exclusion>
          <artifactId>jsr305</artifactId>
          <groupId>com.google.code.findbugs</groupId>
        </exclusion>
      </exclusions>
    </dependency>
    <dependency>
      <groupId>org.apache.logging.log4j</groupId>
      <artifactId>log4j-slf4j-impl</artifactId>
      <version>2.12.1</version>
      <scope>runtime</scope>
    </dependency>
    <dependency>
      <groupId>org.apache.logging.log4j</groupId>
      <artifactId>log4j-api</artifactId>
      <version>2.12.1</version>
      <scope>runtime</scope>
    </dependency>
    <dependency>
      <groupId>org.apache.logging.log4j</groupId>
      <artifactId>log4j-core</artifactId>
      <version>2.12.1</version>
      <scope>runtime</scope>
    </dependency>
  </dependencies>
  <properties>
    <java.version>1.8</java.version>
    <scala.binary.version>2.11</scala.binary.version>
    <log4j.version>2.12.1</log4j.version>
    <flink.version>1.11.0</flink.version>
    <maven.compiler.source>${java.version}</maven.compiler.source>
    <project.build.sourceEncoding>UTF-8</project.build.sourceEncoding>
    <maven.compiler.target>${java.version}</maven.compiler.target>
  </properties>
</project>
