{"_id":{"$oid":"5f1c36f7cfc8d1ce090cf218"},"auth_name":"Roger","blogs":[{"PostID":"uSQ13","likes":123.0,"dislikes":68.0},{"PostID":"QE1rd","likes":41.0,"dislikes":14.0},{"PostID":"M3Qeq","likes":51.0,"dislikes":1.0}]}
{"_id":{"$oid":"5f1c388acfc8d1ce090cf219"},"auth_name":"John","blogs":[{"PostID":"tSQ14","likes":101.0,"dislikes":37.0},{"PostID":"Re2sdt","likes":23.0,"dislikes":11.0},{"PostID":"N1e4q","likes":512.0,"dislikes":114.0}]}
{"_id":{"$oid":"5f1c38e4cfc8d1ce090cf21a"},"auth_name":"Rosie","blogs":[{"PostID":"qt41e","likes":34.0,"dislikes":3.0},{"PostID":"paw1e","likes":231.0,"dislikes":119.0},{"PostID":"c1BBe","likes":13.0,"dislikes":1.0}]}
{"_id":{"$oid":"5f1c393acfc8d1ce090cf21b"},"auth_name":"Jane","blogs":[{"PostID":"Mt32r","likes":47.0,"dislikes":31.0},{"PostID":"q1jh3","likes":3.0,"dislikes":119.0},{"PostID":"pqJJ1","likes":145.0,"dislikes":9.0}]}
{"_id":{"$oid":"5f1c39a7cfc8d1ce090cf21c"},"auth_name":"Chris","blogs":[{"PostID":"Ma1jh","likes":417.0,"dislikes":46.0},{"PostID":"q2j1e","likes":331.0,"dislikes":11.0},{"PostID":"v11e3","likes":165.0,"dislikes":9.0},{"PostID":"q1Jj1","likes":124.0,"dislikes":19.0}]}
{"_id":{"$oid":"5f1c3a03cfc8d1ce090cf21d"},"auth_name":"Richard","blogs":[{"PostID":"aI1se","likes":45.0,"dislikes":41.0},{"PostID":"KLi1e","likes":121.0,"dislikes":1.0},{"PostID":"v33l1","likes":146.0,"dislikes":58.0},{"PostID":"a1Sl3","likes":145.0,"dislikes":19.0}]}
{"_id":{"$oid":"5f1c3a61cfc8d1ce090cf21e"},"auth_name":"Michelle","blogs":[{"PostID":"z1df3","likes":451.0,"dislikes":4.0},{"PostID":"pkz13","likes":1211.0,"dislikes":12.0}]}
{"_id":{"$oid":"5f1c3a9fcfc8d1ce090cf21f"},"auth_name":"Sean","blogs":[{"PostID":"sz1x3","likes":53.0,"dislikes":14.0},{"PostID":"lz1e1","likes":111.0,"dislikes":3.0}]}
{"_id":{"$oid":"5f1c3ae6cfc8d1ce090cf220"},"auth_name":"Mark","blogs":[{"PostID":"m1zh1","likes":13.0,"dislikes":134.0},{"PostID":"pqz13","likes":411.0,"dislikes":43.0}]}
{"_id":{"$oid":"5f1c3b64cfc8d1ce090cf221"},"auth_name":"Joffrey","blogs":[{"PostID":"m1ee1","likes":1331.0,"dislikes":131.0}]}
