{"_id":{"$oid":"5ef9b1d2948880060d3464fd"},"cust_ID":"AB-10015","cust_name":"Aaron Bergman","Segment":"Consumer","Pur_hist":[{"OrderID":"ID-2012-66111","OrderDate":{"$date":"2012-07-03T00:00:00Z"},"Category":"Technology","Sales":1024.68,"Profit":-286.92},{"OrderID":"ID-2012-66123","OrderDate":{"$date":"2012-07-05T00:00:00Z"},"Category":"Technology","Sales":551.34,"Profit":54.11}]}
{"_id":{"$oid":"5ef9b41a948880060d3464fe"},"cust_ID":"BF-10975","cust_name":"Barbara Fisher","Segment":"Corporate","Pur_hist":[{"OrderID":"ES-2012-63212","OrderDate":{"$date":"2012-07-03T00:00:00Z"},"Category":"Furniture","Sales":102.11,"Profit":68.12},{"OrderID":"ES-2012-64122","OrderDate":{"$date":"2012-07-04T00:00:00Z"},"Category":"Office Supplies","Sales":123.12,"Profit":14.11},{"OrderID":"ES-2012-64122","OrderDate":{"$date":"2012-07-05T00:00:00Z"},"Category":"Technology","Sales":341.12,"Profit":-44.11}]}
{"_id":{"$oid":"5ef9b52a948880060d3464ff"},"cust_ID":"CS-11860","cust_name":"Cari Schnel","Segment":"Home Office","Pur_hist":[{"OrderID":"CA-2012-63212","OrderDate":{"$date":"2012-07-04T00:00:00Z"},"Category":"Technology","Sales":4800.0,"Profit":1268.52}]}
{"_id":{"$oid":"5ef9b692948880060d346500"},"cust_ID":"AB-10105","cust_name":"Adrian Barton","Segment":"Corporate","Pur_hist":[{"OrderID":"IN-2012-64561","OrderDate":{"$date":"2012-07-03T00:00:00Z"},"Category":"Office Supplies","Sales":155.11,"Profit":144.12},{"OrderID":"IN-2012-64235","OrderDate":{"$date":"2012-07-04T00:00:00Z"},"Category":"Office Supplies","Sales":23.12,"Profit":4.11},{"OrderID":"IN-2012-61322","OrderDate":{"$date":"2012-07-05T00:00:00Z"},"Category":"Furniture","Sales":41.12,"Profit":12.11}]}
{"_id":{"$oid":"5ef9d07e948880060d346501"},"cust_ID":"CS-12175","cust_name":"Chuck Sachs","Segment":"Consumer","Pur_hist":[{"OrderID":"MX-2012-63489","OrderDate":{"$date":"2012-07-03T00:00:00Z"},"Category":"Office Supplies","Sales":1021.11,"Profit":-12.92},{"OrderID":"MX-2012-63499","OrderDate":{"$date":"2012-07-04T00:00:00Z"},"Category":"Office Supplies","Sales":187.11,"Profit":112.11}]}
{"_id":{"$oid":"5ef9d0fb948880060d346502"},"cust_ID":"DC-12850","cust_name":"Dan Campbell","Segment":"Home Office","Pur_hist":[{"OrderID":"ES-2012-61111","OrderDate":{"$date":"2012-07-04T00:00:00Z"},"Category":"Furniture","Sales":1743.56,"Profit":1135.12}]}
{"_id":{"$oid":"5ef9d191948880060d346503"},"cust_ID":"EH-13765","cust_name":"Edward Hooks","Segment":"Corporate","Pur_hist":[{"OrderID":"US-2012-50101","OrderDate":{"$date":"2012-07-05T00:00:00Z"},"Category":"Furniture","Sales":1091.11,"Profit":-34.11}]}
{"_id":{"$oid":"5ef9d3cc948880060d346504"},"cust_ID":"GM-14440","cust_name":"Gary McGarr","Segment":"Home Office","Pur_hist":[{"OrderID":"EN-2012-45123","OrderDate":{"$date":"2012-07-04T00:00:00Z"},"Category":"Technology","Sales":1109.23,"Profit":119.21}]}
{"_id":{"$oid":"5ef9d4ba948880060d346505"},"cust_ID":"GM-14800","cust_name":"Greg Matthias","Segment":"Consumer","Pur_hist":[{"OrderID":"CA-2012-61239","OrderDate":{"$date":"2012-07-03T00:00:00Z"},"Category":"Technology","Sales":117.66,"Profit":86.92},{"OrderID":"CA-2012-11341","OrderDate":{"$date":"2012-07-05T00:00:00Z"},"Category":"Office Supplies","Sales":51.34,"Profit":41.11}]}
{"_id":{"$oid":"5ef9d634948880060d346506"},"cust_ID":"HA-14920","cust_name":"Helen Andreada","Segment":"Home Office","Pur_hist":[{"OrderID":"RS-2012-61212","OrderDate":{"$date":"2012-07-03T00:00:00Z"},"Category":"Office Supplies","Sales":981.11,"Profit":587.12},{"OrderID":"RS-2012-78122","OrderDate":{"$date":"2012-07-04T00:00:00Z"},"Category":"Furniture","Sales":345.12,"Profit":189.68},{"OrderID":"RS-2012-74122","OrderDate":{"$date":"2012-07-05T00:00:00Z"},"Category":"Technology","Sales":189.92,"Profit":54.34}]}
